Gss year for this respondent,Respondent id number,Highest year of school completed,Race of respondent,Total family income,How many people in contact least once a year,How many friends close to discuss problems
2002,1,14,White,30000 to 34999,25,20
2002,2,16,White,110000 or over,25,5
2002,3,13,White,35000 to 39999,5,0
2002,4,2,White,110000 or over,20,3
2002,5,7,White,40000 to 49999,2,2
2002,6,12,White,90000 to 109999,15,1
2002,7,16,White,110000 or over,11,5
2002,8,12,White,35000 to 39999,40,12
2002,9,14,White,60000 to 74999,15,3
2002,11,14,White,75000 to 89999,6,6
2002,12,11,White,110000 or over,100,20
2002,13,18,Black,90000 to 109999,10,3
2002,14,12,White,20000 to 22499,5,5
2002,16,12,White,15000 to 17499,10,2
2002,17,12,White,Under 1000,10,4
2002,18,15,White,40000 to 49999,10,4
2002,19,13,White,110000 or over,50,4
2002,20,15,White,25000 to 29999,30,5
2002,21,13,Black,25000 to 29999,30,10
2002,22,12,Black,35000 to 39999,3,3
2002,24,16,Black,90000 to 109999,30,25
2002,25,14,White,60000 to 74999,4,2
2002,27,14,White,25000 to 29999,3,2
2002,30,9,White,20000 to 22499,10,10
2002,31,14,Black,60000 to 74999,20,20
2002,32,16,White,40000 to 49999,20,2
2002,33,16,White,50000 to 59999,200,20
2002,34,17,White,75000 to 89999,30,7
2002,35,16,White,20000 to 22499,15,4
2002,36,8,White,12500 to 14999,30,20
2002,37,14,White,22500 to 24999,15,5
2002,38,20,White,60000 to 74999,120,15
2002,40,13,White,40000 to 49999,10,2
2002,41,16,White,50000 to 59999,50,10
2002,43,17,White,35000 to 39999,15,3
2002,44,14,Black,35000 to 39999,50,10
2002,45,13,White,60000 to 74999,20,2
2002,46,10,White,40000 to 49999,21,2
2002,47,9,White,35000 to 39999,5,0
2002,48,14,White,40000 to 49999,12,3
2002,49,12,White,50000 to 59999,25,15
2002,50,12,White,75000 to 89999,15,15
2002,51,12,White,40000 to 49999,100,10
2002,52,15,White,60000 to 74999,25,12
2002,53,13,White,17500 to 19999,50,4
2002,54,17,White,35000 to 39999,50,20
2002,55,20,White,25000 to 29999,6,2
2002,56,13,White,60000 to 74999,25,3
2002,57,13,White,10000 to 12499,10,10
2002,58,16,White,30000 to 34999,5,3
2002,61,18,White,90000 to 109999,30,2
2002,62,14,White,35000 to 39999,20,20
2002,64,12,White,50000 to 59999,20,5
2002,65,8,White,12500 to 14999,20,20
2002,66,12,White,15000 to 17499,11,2
2002,70,9,Black,10000 to 12499,11,2
2002,71,13,Black,8000 to 9999,12,3
2002,72,11,Black,5000 to 5999,20,8
2002,74,11,Black,30000 to 34999,12,2
2002,75,15,Black,110000 or over,20,10
2002,76,13,White,40000 to 49999,24,24
2002,77,14,White,60000 to 74999,5,2
2002,78,15,White,75000 to 89999,50,10
2002,79,13,White,90000 to 109999,24,12
2002,80,13,White,50000 to 59999,20,10
2002,81,11,White,40000 to 49999,25,10
2002,82,14,White,75000 to 89999,20,5
2002,83,13,White,60000 to 74999,25,3
2002,84,12,White,30000 to 34999,6,2
2002,85,12,White,25000 to 29999,200,40
2002,87,18,White,12500 to 14999,4,4
2002,88,7,White,3000 to 3999,100,6
2002,89,14,White,15000 to 17499,10,3
2002,90,12,White,8000 to 9999,4,4
2002,91,12,White,10000 to 12499,20,5
2002,92,12,White,60000 to 74999,20,20
2002,93,15,White,20000 to 22499,30,3
2002,94,16,White,60000 to 74999,50,10
2002,95,16,White,60000 to 74999,10,1
2002,96,17,White,60000 to 74999,30,20
2002,97,14,White,110000 or over,100,10
2002,98,12,White,6000 to 6999,50,2
2002,99,16,White,35000 to 39999,40,2
2002,100,13,White,30000 to 34999,6,2
2002,103,14,White,40000 to 49999,100,75
2002,104,13,Black,50000 to 59999,10,5
2002,106,17,White,50000 to 59999,50,10
2002,107,12,White,8000 to 9999,3,3
2002,108,12,Black,17500 to 19999,4,1
2002,109,14,White,Under 1000,40,10
2002,112,2,White,22500 to 24999,5,2
2002,113,11,Black,10000 to 12499,6,4
2002,115,15,Black,15000 to 17499,10,4
2002,116,11,Black,30000 to 34999,4,1
2002,117,12,Black,20000 to 22499,5,2
2002,118,12,Black,15000 to 17499,25,3
2002,119,12,Black,8000 to 9999,15,2
2002,120,12,White,12500 to 14999,12,3
2002,121,11,White,10000 to 12499,12,1
2002,122,11,White,8000 to 9999,20,15
2002,123,12,Black,20000 to 22499,10,2
2002,125,2,Black,8000 to 9999,52,3
2002,126,15,White,10000 to 12499,300,10
2002,127,15,White,60000 to 74999,50,5
2002,128,16,White,110000 or over,30,15
2002,129,12,Black,Under 1000,50,10
2002,130,17,White,60000 to 74999,60,8
2002,131,20,White,110000 or over,50,5
2002,132,16,White,60000 to 74999,75,25
2002,133,13,White,50000 to 59999,10,5
2002,135,12,White,110000 or over,10,10
2002,136,14,White,60000 to 74999,50,10
2002,137,13,White,15000 to 17499,10,0
2002,138,10,White,15000 to 17499,30,5
2002,139,15,White,90000 to 109999,12,12
2002,140,16,White,40000 to 49999,75,15
2002,141,14,White,60000 to 74999,10,10
2002,142,12,White,35000 to 39999,10,10
2002,143,16,Black,30000 to 34999,8,4
2002,144,12,White,50000 to 59999,100,25
2002,145,12,White,60000 to 74999,30,3
2002,146,12,White,50000 to 59999,24,4
2002,148,12,White,110000 or over,20,6
2002,150,12,White,25000 to 29999,15,5
2002,151,14,White,90000 to 109999,15,6
2002,152,17,White,90000 to 109999,30,15
2002,153,18,White,60000 to 74999,30,10
2002,154,16,White,110000 or over,20,5
2002,155,13,White,25000 to 29999,15,3
2002,156,12,White,30000 to 34999,12,12
2002,157,12,White,60000 to 74999,25,3
2002,158,12,White,22500 to 24999,5,5
2002,159,13,White,90000 to 109999,20,7
2002,160,12,White,75000 to 89999,10,3
2002,162,15,White,75000 to 89999,30,4
2002,163,12,White,12500 to 14999,100,10
2002,164,12,White,22500 to 24999,30,10
2002,165,15,White,12500 to 14999,35,10
2002,166,9,White,110000 or over,8,2
2002,167,16,White,60000 to 74999,50,4
2002,169,12,White,30000 to 34999,10,2
2002,172,16,White,40000 to 49999,20,20
2002,173,14,White,75000 to 89999,20,10
2002,174,14,White,75000 to 89999,20,10
2002,175,12,White,75000 to 89999,4,1
2002,177,16,White,40000 to 49999,10,4
2002,178,16,White,110000 or over,50,5
2002,180,20,White,110000 or over,100,10
2002,182,14,White,40000 to 49999,12,1
2002,183,17,White,90000 to 109999,100,25
2002,184,12,Black,25000 to 29999,100,60
2002,185,16,White,40000 to 49999,50,12
2002,186,11,Black,12500 to 14999,2,2
2002,187,12,White,4000 to 4999,6,1
2002,188,13,Black,8000 to 9999,10,6
2002,191,14,Black,12500 to 14999,5,5
2002,194,16,White,35000 to 39999,30,11
2002,195,13,White,110000 or over,12,3
2002,196,13,White,90000 to 109999,75,7
2002,197,12,White,110000 or over,20,5
2002,198,13,Black,50000 to 59999,30,6
2002,199,14,Black,90000 to 109999,15,6
2002,200,20,White,75000 to 89999,60,5
2002,201,2,White,22500 to 24999,2,1
2002,204,14,White,50000 to 59999,10,5
2002,205,17,White,90000 to 109999,6,2
2002,206,16,White,90000 to 109999,30,10
2002,208,14,White,40000 to 49999,18,3
2002,209,10,White,10000 to 12499,5,3
2002,210,16,White,110000 or over,8,8
2002,211,9,Black,17500 to 19999,3,3
2002,212,14,White,40000 to 49999,6,6
2002,213,13,White,12500 to 14999,3,3
2002,214,13,White,35000 to 39999,5,2
2002,215,14,White,40000 to 49999,25,5
2002,216,14,White,17500 to 19999,3,1
2002,218,16,White,110000 or over,50,10
2002,219,14,White,90000 to 109999,3,1
2002,220,16,White,110000 or over,50,10
2002,221,14,White,110000 or over,20,10
2002,222,15,White,110000 or over,50,10
2002,224,11,Black,50000 to 59999,5,3
2002,226,12,Black,22500 to 24999,10,2
2002,228,12,White,90000 to 109999,12,3
2002,229,12,White,60000 to 74999,12,12
2002,230,14,Black,20000 to 22499,10,4
2002,231,16,White,110000 or over,75,15
2002,232,20,White,1000 to 2999,60,8
2002,234,12,White,60000 to 74999,20,10
2002,235,16,White,60000 to 74999,50,11
2002,236,2,White,25000 to 29999,23,3
2002,237,14,White,60000 to 74999,25,15
2002,239,12,White,50000 to 59999,6,4
2002,240,12,Black,60000 to 74999,4,0
2002,241,12,White,50000 to 59999,20,2
2002,242,13,White,110000 or over,35,15
2002,243,14,White,50000 to 59999,13,13
2002,244,9,White,90000 to 109999,30,3
2002,245,10,White,40000 to 49999,25,15
2002,248,14,Black,10000 to 12499,3,2
2002,249,14,Black,12500 to 14999,10,10
2002,250,12,White,50000 to 59999,30,5
2002,251,9,White,35000 to 39999,2,1
2002,253,13,White,50000 to 59999,4,2
2002,255,16,White,30000 to 34999,150,20
2002,256,14,White,110000 or over,100,50
2002,257,16,White,12500 to 14999,15,6
2002,258,11,Black,12500 to 14999,3,2
2002,259,14,Black,17500 to 19999,15,2
2002,260,14,Black,12500 to 14999,15,10
2002,261,15,Black,20000 to 22499,5,2
2002,262,12,Black,3000 to 3999,20,6
2002,263,12,Black,5000 to 5999,30,10
2002,264,5,White,10000 to 12499,15,3
2002,265,14,Black,75000 to 89999,3,0
2002,266,13,Black,17500 to 19999,20,15
2002,267,16,White,7000 to 7999,5,1
2002,268,11,Black,3000 to 3999,1,0
2002,269,14,Black,4000 to 4999,10,3
2002,271,12,Black,12500 to 14999,20,10
2002,272,11,Black,3000 to 3999,3,1
2002,273,16,White,60000 to 74999,20,3
2002,274,16,White,110000 or over,150,10
2002,275,13,White,75000 to 89999,10,8
2002,276,18,White,110000 or over,25,5
2002,277,15,White,40000 to 49999,100,25
2002,278,16,White,40000 to 49999,60,40
2002,279,16,White,60000 to 74999,100,2
2002,280,11,White,110000 or over,15,4
2002,281,12,White,90000 to 109999,20,10
2002,282,20,White,110000 or over,50,3
2002,283,16,White,50000 to 59999,50,7
2002,285,10,White,50000 to 59999,30,4
2002,286,18,White,75000 to 89999,75,3
2002,287,19,White,60000 to 74999,20,3
2002,288,16,White,50000 to 59999,10,4
2002,289,17,White,75000 to 89999,14,2
2002,290,6,White,75000 to 89999,100,15
2002,291,14,White,50000 to 59999,100,25
2002,292,13,White,75000 to 89999,80,25
2002,293,15,White,35000 to 39999,6,4
2002,294,15,White,22500 to 24999,15,1
2002,295,12,White,110000 or over,100,20
2002,296,18,White,110000 or over,50,6
2002,297,13,White,40000 to 49999,8,8
2002,298,13,White,30000 to 34999,30,2
2002,299,14,White,90000 to 109999,13,4
2002,300,14,White,90000 to 109999,50,25
2002,301,14,White,40000 to 49999,15,15
2002,302,14,White,110000 or over,7,3
2002,303,13,White,35000 to 39999,50,25
2002,304,16,White,40000 to 49999,30,8
2002,305,15,White,50000 to 59999,25,5
2002,306,12,White,60000 to 74999,15,3
2002,307,12,White,60000 to 74999,15,3
2002,308,12,White,35000 to 39999,20,3
2002,309,18,White,110000 or over,40,8
2002,310,12,White,50000 to 59999,30,16
2002,311,14,White,75000 to 89999,10,4
2002,312,12,White,35000 to 39999,25,4
2002,313,16,White,75000 to 89999,20,5
2002,314,16,White,30000 to 34999,5,0
2002,316,18,White,110000 or over,100,10
2002,317,16,White,110000 or over,10,2
2002,318,12,White,40000 to 49999,25,20
2002,319,18,White,110000 or over,20,6
2002,320,17,White,110000 or over,60,20
2002,321,18,White,50000 to 59999,25,3
2002,322,16,Black,35000 to 39999,20,3
2002,324,12,Black,50000 to 59999,3,3
2002,325,12,White,50000 to 59999,10,5
2002,326,16,Black,50000 to 59999,20,0
2002,327,12,White,75000 to 89999,10,10
2002,328,12,White,10000 to 12499,10,1
2002,329,12,Black,22500 to 24999,10,0
2002,331,16,White,35000 to 39999,10,5
2002,332,15,White,90000 to 109999,7,3
2002,333,14,White,110000 or over,50,10
2002,334,16,White,Under 1000,30,10
2002,335,18,White,50000 to 59999,10,5
2002,336,14,White,110000 or over,200,2
2002,337,14,White,50000 to 59999,20,5
2002,338,16,White,110000 or over,10,3
2002,339,20,White,110000 or over,10,6
2002,340,19,White,110000 or over,30,2
2002,341,16,White,110000 or over,100,10
2002,342,11,White,50000 to 59999,35,20
2002,343,16,White,1000 to 2999,12,12
2002,344,16,White,75000 to 89999,70,10
2002,346,8,White,110000 or over,50,50
2002,347,5,Black,40000 to 49999,20,3
2002,348,13,White,20000 to 22499,13,5
2002,349,17,White,25000 to 29999,20,20
2002,350,14,White,30000 to 34999,50,10
2002,351,12,White,Under 1000,50,7
2002,352,9,Black,30000 to 34999,12,5
2002,354,14,White,25000 to 29999,30,2
2002,355,13,White,40000 to 49999,50,5
2002,356,12,White,12500 to 14999,30,3
2002,357,13,White,20000 to 22499,15,6
2002,358,12,White,25000 to 29999,20,2
2002,360,14,White,90000 to 109999,30,5
2002,361,13,White,30000 to 34999,6,3
2002,362,16,White,75000 to 89999,75,11
2002,363,16,White,110000 or over,50,10
2002,364,14,White,110000 or over,20,5
2002,365,14,White,110000 or over,25,10
2002,366,17,White,110000 or over,30,25
2002,367,12,White,90000 to 109999,5,5
2002,368,18,White,40000 to 49999,30,4
2002,369,17,White,40000 to 49999,50,6
2002,370,18,White,50000 to 59999,25,2
2002,371,16,White,110000 or over,30,30
2002,372,15,White,110000 or over,50,10
2002,373,16,White,110000 or over,20,5
2002,374,12,White,110000 or over,8,2
2002,375,19,White,50000 to 59999,80,4
2002,377,14,White,25000 to 29999,6,6
2002,378,12,White,30000 to 34999,20,10
2002,379,14,White,15000 to 17499,39,6
2002,380,12,White,30000 to 34999,20,10
2002,383,14,White,25000 to 29999,135,0
2002,385,15,White,50000 to 59999,25,2
2002,386,12,White,40000 to 49999,10,10
2002,388,20,White,50000 to 59999,2,2
2002,389,8,Black,12500 to 14999,3,0
2002,391,9,White,15000 to 17499,15,10
2002,392,12,White,25000 to 29999,10,2
2002,393,11,White,40000 to 49999,10,4
2002,395,12,White,25000 to 29999,20,1
2002,396,12,White,Under 1000,4,4
2002,397,13,White,20000 to 22499,15,15
2002,398,12,White,17500 to 19999,12,7
2002,399,14,White,60000 to 74999,8,3
2002,402,12,White,25000 to 29999,5,3
2002,403,12,White,50000 to 59999,12,3
2002,404,12,Black,35000 to 39999,3,2
2002,405,12,White,22500 to 24999,10,3
2002,406,13,White,60000 to 74999,3,3
2002,408,14,White,50000 to 59999,50,12
2002,411,18,White,50000 to 59999,100,16
2002,412,20,Black,50000 to 59999,15,2
2002,415,12,White,17500 to 19999,15,15
2002,416,13,White,60000 to 74999,10,1
2002,417,16,White,60000 to 74999,50,8
2002,418,17,White,40000 to 49999,5,2
2002,421,14,Black,Under 1000,5,2
2002,422,14,White,25000 to 29999,3,3
2002,423,6,Black,12500 to 14999,5,2
2002,424,15,Black,35000 to 39999,4,3
2002,425,15,Black,60000 to 74999,3,2
2002,426,14,Black,40000 to 49999,100,5
2002,427,16,Black,12500 to 14999,2,1
2002,428,16,White,50000 to 59999,40,25
2002,431,16,White,50000 to 59999,10,4
2002,435,12,White,60000 to 74999,6,4
2002,436,19,Black,60000 to 74999,12,12
2002,437,19,White,40000 to 49999,100,7
2002,438,13,White,22500 to 24999,5,2
2002,439,11,Black,17500 to 19999,6,1
2002,441,18,White,110000 or over,70,5
2002,442,11,Black,20000 to 22499,30,30
2002,443,12,Black,15000 to 17499,10,3
2002,444,14,Black,40000 to 49999,10,10
2002,445,12,Black,35000 to 39999,2,1
2002,447,6,Black,12500 to 14999,5,3
2002,449,20,White,110000 or over,500,15
2002,451,19,White,110000 or over,100,20
2002,452,16,White,110000 or over,50,26
2002,453,16,White,110000 or over,10,3
2002,454,20,White,110000 or over,4,4
2002,455,16,White,50000 to 59999,300,15
2002,456,20,White,40000 to 49999,200,8
2002,457,16,White,110000 or over,50,20
2002,458,16,White,5000 to 5999,25,15
2002,459,6,Black,6000 to 6999,3,3
2002,460,9,Black,6000 to 6999,2,2
2002,461,12,Black,17500 to 19999,22,18
2002,465,14,Black,8000 to 9999,3,3
2002,470,12,White,35000 to 39999,20,10
2002,472,14,White,75000 to 89999,100,10
2002,473,14,White,35000 to 39999,4,0
2002,474,18,White,60000 to 74999,25,2
2002,481,8,Black,5000 to 5999,20,3
2002,482,18,Black,15000 to 17499,15,15
2002,483,14,Black,30000 to 34999,10,4
2002,485,12,Black,25000 to 29999,7,2
2002,490,13,Black,1000 to 2999,6,3
2002,492,12,White,60000 to 74999,60,15
2002,493,18,White,110000 or over,200,50
2002,495,13,White,40000 to 49999,100,6
2002,497,18,White,110000 or over,200,20
2002,498,16,White,110000 or over,10,2
2002,499,16,White,110000 or over,50,50
2002,500,18,White,110000 or over,25,10
2002,501,17,White,110000 or over,5,3
2002,502,12,White,110000 or over,12,10
2002,504,12,Black,40000 to 49999,20,5
2002,506,12,Black,25000 to 29999,12,2
2002,507,13,Black,1000 to 2999,25,5
2002,508,14,White,40000 to 49999,15,2
2002,510,15,Black,60000 to 74999,20,4
2002,511,14,Black,3000 to 3999,7,7
2002,512,14,Black,90000 to 109999,20,2
2002,513,12,Black,8000 to 9999,20,3
2002,514,11,Black,110000 or over,10,3
2002,515,11,Black,5000 to 5999,6,3
2002,516,14,White,12500 to 14999,4,2
2002,517,12,Black,20000 to 22499,5,3
2002,519,15,White,35000 to 39999,40,5
2002,520,16,White,110000 or over,5,1
2002,521,16,White,110000 or over,200,0
2002,522,20,White,90000 to 109999,40,10
2002,523,16,White,90000 to 109999,8,0
2002,524,19,Black,110000 or over,65,3
2002,525,19,White,10000 to 12499,20,4
2002,526,16,White,50000 to 59999,15,3
2002,527,20,Black,75000 to 89999,12,5
2002,528,12,White,50000 to 59999,20,20
2002,529,12,White,60000 to 74999,10,3
2002,530,18,White,110000 or over,8,8
2002,531,15,White,110000 or over,150,75
2002,532,12,White,60000 to 74999,50,2
2002,533,12,White,50000 to 59999,80,1
2002,534,12,White,75000 to 89999,5,1
2002,535,15,White,110000 or over,12,4
2002,536,14,White,90000 to 109999,10,8
2002,537,15,White,110000 or over,100,50
2002,538,16,White,110000 or over,50,3
2002,539,12,Black,3000 to 3999,20,5
2002,540,12,Black,60000 to 74999,35,1
2002,541,18,White,17500 to 19999,15,4
2002,542,15,White,110000 or over,15,6
2002,543,14,White,110000 or over,7,4
2002,544,14,White,90000 to 109999,5,3
2002,545,18,White,110000 or over,5,5
2002,546,19,White,110000 or over,50,15
2002,549,12,White,110000 or over,70,5
2002,550,11,White,50000 to 59999,5,5
2002,551,18,White,110000 or over,10,4
2002,553,13,White,75000 to 89999,24,6
2002,555,16,White,110000 or over,50,3
2002,556,15,Black,75000 to 89999,1,1
2002,557,13,White,40000 to 49999,12,8
2002,558,16,White,50000 to 59999,30,20
2002,560,12,White,60000 to 74999,4,4
2002,561,12,White,20000 to 22499,8,3
2002,562,12,White,60000 to 74999,5,4
2002,563,14,White,30000 to 34999,2,2
2002,565,12,White,25000 to 29999,20,8
2002,566,14,White,22500 to 24999,6,2
2002,568,12,White,Under 1000,4,1
2002,569,9,White,30000 to 34999,50,20
2002,572,12,White,22500 to 24999,3,3
2002,574,12,White,10000 to 12499,5,5
2002,576,15,White,35000 to 39999,30,5
2002,577,9,White,22500 to 24999,10,0
2002,578,8,White,12500 to 14999,2,2
2002,579,16,White,50000 to 59999,4,1
2002,580,12,White,12500 to 14999,6,2
2002,581,12,White,30000 to 34999,4,2
2002,582,12,White,15000 to 17499,5,2
2002,583,12,White,17500 to 19999,40,3
2002,584,12,White,50000 to 59999,15,15
2002,585,12,White,7000 to 7999,10,2
2002,586,14,Black,4000 to 4999,4,4
2002,587,12,White,17500 to 19999,10,0
2002,588,14,White,30000 to 34999,10,3
2002,590,11,White,25000 to 29999,30,4
2002,591,14,White,40000 to 49999,20,5
2002,593,12,White,10000 to 12499,6,3
2002,594,2,White,75000 to 89999,50,10
2002,595,12,Black,3000 to 3999,2,0
2002,596,12,Black,1000 to 2999,12,3
2002,597,16,White,6000 to 6999,5,3
2002,599,12,White,50000 to 59999,30,10
2002,600,12,White,22500 to 24999,30,10
2002,602,17,White,50000 to 59999,55,15
2002,604,12,White,30000 to 34999,50,5
2002,605,18,White,90000 to 109999,75,20
2002,606,12,White,50000 to 59999,50,3
2002,607,18,White,110000 or over,12,2
2002,609,12,Black,40000 to 49999,6,6
2002,611,12,White,7000 to 7999,10,3
2002,612,18,White,40000 to 49999,20,10
2002,613,18,White,40000 to 49999,5,1
2002,614,12,White,22500 to 24999,4,1
2002,616,12,White,40000 to 49999,25,6
2002,617,15,White,60000 to 74999,150,26
2002,618,12,White,40000 to 49999,45,10
2002,619,14,White,40000 to 49999,50,10
2002,620,8,White,22500 to 24999,24,0
2002,621,12,White,30000 to 34999,35,35
2002,622,11,White,35000 to 39999,15,2
2002,626,12,White,25000 to 29999,25,15
2002,627,16,White,40000 to 49999,8,3
2002,629,13,White,75000 to 89999,12,3
2002,630,9,White,8000 to 9999,20,10
2002,631,13,White,15000 to 17499,15,3
2002,633,11,White,8000 to 9999,6,4
2002,635,12,White,40000 to 49999,4,2
2002,636,16,White,60000 to 74999,10,2
2002,637,13,White,8000 to 9999,60,0
2002,638,16,White,75000 to 89999,30,6
2002,639,12,White,3000 to 3999,3,3
2002,641,8,White,15000 to 17499,40,25
2002,644,10,White,4000 to 4999,7,2
2002,645,14,White,8000 to 9999,5,3
2002,648,4,White,4000 to 4999,3,1
2002,650,9,White,15000 to 17499,11,11
2002,651,16,White,90000 to 109999,100,10
2002,652,12,White,75000 to 89999,20,6
2002,653,12,White,110000 or over,25,3
2002,654,12,White,60000 to 74999,25,20
2002,655,15,White,60000 to 74999,50,10
2002,656,20,White,40000 to 49999,20,15
2002,657,16,White,30000 to 34999,100,10
2002,658,12,White,25000 to 29999,125,15
2002,659,12,White,25000 to 29999,50,25
2002,660,14,White,12500 to 14999,3,3
2002,661,8,White,8000 to 9999,100,25
2002,662,12,White,22500 to 24999,10,4
2002,663,9,White,5000 to 5999,6,2
2002,664,12,White,10000 to 12499,30,15
2002,665,12,White,90000 to 109999,15,1
2002,666,17,White,60000 to 74999,25,10
2002,667,16,White,30000 to 34999,25,25
2002,668,12,White,50000 to 59999,50,6
2002,669,18,White,75000 to 89999,30,9
2002,670,12,White,10000 to 12499,50,10
2002,673,12,White,8000 to 9999,50,2
2002,674,14,White,60000 to 74999,10,2
2002,675,15,White,60000 to 74999,50,25
2002,676,16,White,20000 to 22499,100,8
2002,677,12,White,10000 to 12499,36,8
2002,678,12,White,25000 to 29999,4,4
2002,679,15,White,8000 to 9999,10,3
2002,680,12,White,110000 or over,10,4
2002,681,14,White,17500 to 19999,44,34
2002,682,16,White,90000 to 109999,125,25
2002,683,16,White,110000 or over,300,25
2002,684,18,White,90000 to 109999,20,5
2002,685,20,White,110000 or over,200,10
2002,686,16,White,75000 to 89999,30,10
2002,687,16,White,60000 to 74999,50,7
2002,688,14,White,35000 to 39999,50,5
2002,689,12,White,4000 to 4999,35,5
2002,691,8,White,3000 to 3999,50,10
2002,692,12,White,3000 to 3999,10,8
2002,694,14,White,35000 to 39999,5,1
2002,695,9,White,8000 to 9999,4,0
2002,696,16,Black,20000 to 22499,15,4
2002,697,13,White,25000 to 29999,50,25
2002,698,12,White,25000 to 29999,15,15
2002,699,11,White,30000 to 34999,6,4
2002,700,13,White,60000 to 74999,100,10
2002,701,14,White,50000 to 59999,60,2
2002,702,2,White,15000 to 17499,110,10
2002,703,18,White,25000 to 29999,4,3
2002,704,14,White,50000 to 59999,50,20
2002,705,12,White,12500 to 14999,6,2
2002,707,15,White,75000 to 89999,5,2
2002,709,12,White,60000 to 74999,20,3
2002,710,13,White,15000 to 17499,100,15
2002,711,14,White,25000 to 29999,15,8
2002,712,12,White,110000 or over,20,20
2002,713,14,White,60000 to 74999,5,3
2002,714,16,White,90000 to 109999,60,15
2002,715,12,White,60000 to 74999,25,5
2002,716,13,White,3000 to 3999,50,50
2002,717,18,White,75000 to 89999,50,20
2002,719,14,White,40000 to 49999,30,25
2002,720,12,White,6000 to 6999,15,1
2002,721,16,White,25000 to 29999,15,2
2002,722,20,White,25000 to 29999,20,3
2002,724,16,White,110000 or over,75,1
2002,725,13,White,110000 or over,20,2
2002,726,15,White,60000 to 74999,12,3
2002,727,11,White,8000 to 9999,11,11
2002,729,11,White,5000 to 5999,6,4
2002,730,11,White,8000 to 9999,6,6
2002,731,14,White,7000 to 7999,6,6
2002,732,11,White,35000 to 39999,12,12
2002,734,13,White,12500 to 14999,10,4
2002,735,12,White,35000 to 39999,4,2
2002,736,14,White,60000 to 74999,10,6
2002,737,14,White,40000 to 49999,3,1
2002,738,14,White,75000 to 89999,20,10
2002,739,13,Black,17500 to 19999,5,1
2002,740,9,White,12500 to 14999,10,6
2002,744,14,White,90000 to 109999,10,3
2002,745,12,White,90000 to 109999,12,12
2002,746,13,White,22500 to 24999,8,3
2002,747,10,White,3000 to 3999,15,2
2002,749,12,Black,40000 to 49999,50,1
2002,750,14,Black,35000 to 39999,30,5
2002,751,6,Black,6000 to 6999,3,3
2002,752,16,White,7000 to 7999,12,6
2002,753,13,Black,30000 to 34999,8,1
2002,755,10,White,20000 to 22499,10,4
2002,756,14,White,110000 or over,30,10
2002,757,16,White,50000 to 59999,30,8
2002,758,14,White,110000 or over,20,15
2002,759,12,White,40000 to 49999,20,20
2002,760,16,White,50000 to 59999,100,5
2002,761,15,White,20000 to 22499,40,30
2002,762,16,White,30000 to 34999,10,4
2002,764,16,White,75000 to 89999,5,5
2002,765,12,White,40000 to 49999,10,10
2002,766,2,White,110000 or over,50,25
2002,767,16,White,60000 to 74999,50,15
2002,768,17,White,7000 to 7999,10,10
2002,769,16,White,17500 to 19999,100,5
2002,771,16,White,50000 to 59999,75,4
2002,774,18,White,110000 or over,15,3
2002,775,16,White,40000 to 49999,12,5
2002,776,16,White,50000 to 59999,10,2
2002,777,18,White,30000 to 34999,60,5
2002,778,13,White,40000 to 49999,20,6
2002,779,12,White,40000 to 49999,25,5
2002,781,12,White,20000 to 22499,120,10
2002,782,9,White,50000 to 59999,50,2
2002,783,9,White,40000 to 49999,50,3
2002,784,14,White,15000 to 17499,20,3
2002,786,12,White,22500 to 24999,50,6
2002,787,15,White,20000 to 22499,10,4
2002,788,18,White,110000 or over,25,10
2002,789,12,White,110000 or over,20,8
2002,790,12,White,30000 to 34999,250,1
2002,791,13,White,12500 to 14999,10,2
2002,792,11,White,8000 to 9999,75,65
2002,793,14,White,22500 to 24999,4,0
2002,794,6,White,3000 to 3999,15,0
2002,795,12,White,10000 to 12499,30,3
2002,796,13,White,12500 to 14999,20,5
2002,798,11,White,10000 to 12499,1,1
2002,799,17,White,12500 to 14999,30,5
2002,801,12,White,20000 to 22499,75,5
2002,802,19,Black,60000 to 74999,15,5
2002,803,12,White,10000 to 12499,100,25
2002,804,10,White,25000 to 29999,12,12
2002,805,8,White,8000 to 9999,70,5
2002,806,18,White,30000 to 34999,10,2
2002,807,14,Black,30000 to 34999,5,2
2002,808,14,White,10000 to 12499,10,3
2002,809,13,White,50000 to 59999,50,6
2002,810,12,White,30000 to 34999,4,4
2002,811,20,White,35000 to 39999,250,15
2002,813,14,Black,30000 to 34999,9,0
2002,816,13,Black,4000 to 4999,45,10
2002,817,9,White,10000 to 12499,4,4
2002,818,12,White,17500 to 19999,12,3
2002,819,9,White,30000 to 34999,4,1
2002,821,10,White,30000 to 34999,1,1
2002,822,12,White,40000 to 49999,50,5
2002,823,10,White,40000 to 49999,10,1
2002,824,11,White,60000 to 74999,25,5
2002,826,17,White,10000 to 12499,20,10
2002,827,12,White,30000 to 34999,6,1
2002,830,12,White,22500 to 24999,10,6
2002,831,8,White,6000 to 6999,2,2
2002,832,12,White,30000 to 34999,12,0
2002,833,16,White,60000 to 74999,1,1
2002,834,12,White,50000 to 59999,45,5
2002,835,11,White,30000 to 34999,6,6
2002,836,12,White,40000 to 49999,25,5
2002,837,12,White,30000 to 34999,75,3
2002,838,14,White,110000 or over,6,3
2002,839,10,White,30000 to 34999,6,5
2002,840,10,White,10000 to 12499,2,2
2002,841,16,White,35000 to 39999,5,3
2002,842,14,White,40000 to 49999,13,6
2002,843,11,White,30000 to 34999,10,3
2002,846,20,White,50000 to 59999,80,20
2002,847,17,White,60000 to 74999,1,1
2002,848,14,White,110000 or over,75,75
2002,849,12,White,22500 to 24999,8,5
2002,850,6,White,20000 to 22499,50,9
2002,852,14,White,10000 to 12499,15,4
2002,853,14,White,22500 to 24999,100,6
2002,854,8,White,40000 to 49999,25,3
2002,856,12,White,22500 to 24999,5,5
2002,857,16,White,110000 or over,40,15
2002,858,19,White,20000 to 22499,30,5
2002,859,16,White,75000 to 89999,20,5
2002,860,16,White,17500 to 19999,15,5
2002,862,16,White,20000 to 22499,15,5
2002,863,17,White,90000 to 109999,15,10
2002,865,12,White,40000 to 49999,10,4
2002,866,20,White,35000 to 39999,15,15
2002,867,15,White,60000 to 74999,50,14
2002,868,15,White,40000 to 49999,20,4
2002,869,18,White,40000 to 49999,45,15
2002,870,14,White,75000 to 89999,3,2
2002,871,14,White,40000 to 49999,8,4
2002,872,8,White,60000 to 74999,10,5
2002,873,8,White,5000 to 5999,6,1
2002,874,16,White,60000 to 74999,10,6
2002,875,13,White,60000 to 74999,30,3
2002,876,12,White,20000 to 22499,12,3
2002,877,12,White,8000 to 9999,4,4
2002,878,12,White,30000 to 34999,4,4
2002,879,13,White,50000 to 59999,30,5
2002,880,13,White,35000 to 39999,10,3
2002,882,13,White,50000 to 59999,10,3
2002,884,18,White,110000 or over,100,25
2002,886,20,White,110000 or over,20,2
2002,887,11,White,30000 to 34999,20,2
2002,888,18,White,110000 or over,100,6
2002,890,16,White,50000 to 59999,12,6
2002,891,12,White,10000 to 12499,6,4
2002,892,12,White,60000 to 74999,75,75
2002,893,13,White,90000 to 109999,6,3
2002,894,12,White,60000 to 74999,20,15
2002,895,12,White,15000 to 17499,50,3
2002,897,12,White,35000 to 39999,5,2
2002,898,12,White,30000 to 34999,2,2
2002,901,12,White,30000 to 34999,6,3
2002,902,14,White,4000 to 4999,50,1
2002,903,6,White,12500 to 14999,50,10
2002,904,12,White,25000 to 29999,30,20
2002,905,12,White,15000 to 17499,4,0
2002,906,12,White,12500 to 14999,40,5
2002,910,2,Black,22500 to 24999,20,3
2002,911,12,White,35000 to 39999,30,5
2002,912,17,White,75000 to 89999,30,10
2002,913,12,White,50000 to 59999,10,1
2002,914,18,White,110000 or over,20,10
2002,915,12,White,50000 to 59999,35,35
2002,916,12,White,20000 to 22499,50,6
2002,917,18,White,50000 to 59999,2,2
2002,918,14,White,60000 to 74999,18,6
2002,920,15,White,35000 to 39999,30,10
2002,922,13,White,12500 to 14999,4,3
2002,926,12,White,60000 to 74999,5,5
2002,927,12,White,5000 to 5999,4,2
2002,928,12,White,22500 to 24999,5,1
2002,929,12,White,30000 to 34999,5,1
2002,931,12,White,17500 to 19999,70,15
2002,934,14,White,110000 or over,20,4
2002,938,13,White,12500 to 14999,100,2
2002,939,14,White,17500 to 19999,6,1
2002,940,15,White,30000 to 34999,100,10
2002,944,12,White,60000 to 74999,24,18
2002,946,12,White,22500 to 24999,100,6
2002,950,12,White,4000 to 4999,6,5
2002,951,20,White,25000 to 29999,10,2
2002,952,15,White,Under 1000,8,1
2002,953,12,White,40000 to 49999,10,4
2002,954,15,White,60000 to 74999,10,2
2002,955,14,White,75000 to 89999,10,5
2002,956,14,White,90000 to 109999,20,2
2002,957,18,White,50000 to 59999,30,4
2002,958,18,White,50000 to 59999,12,2
2002,959,17,White,Under 1000,12,2
2002,960,12,White,90000 to 109999,6,3
2002,962,14,White,60000 to 74999,10,10
2002,963,14,White,50000 to 59999,12,6
2002,964,14,White,50000 to 59999,4,2
2002,966,16,White,50000 to 59999,30,15
2002,967,18,White,90000 to 109999,5,3
2002,968,12,White,60000 to 74999,25,10
2002,970,10,White,25000 to 29999,10,2
2002,971,12,White,40000 to 49999,15,10
2002,972,12,White,30000 to 34999,30,2
2002,973,12,White,22500 to 24999,20,3
2002,974,17,White,25000 to 29999,15,9
2002,975,14,White,30000 to 34999,20,5
2002,976,12,White,25000 to 29999,20,2
2002,977,12,White,40000 to 49999,20,5
2002,978,12,White,90000 to 109999,100,20
2002,979,16,White,20000 to 22499,25,5
2002,980,12,White,20000 to 22499,20,3
2002,981,12,White,25000 to 29999,30,10
2002,982,13,White,12500 to 14999,50,10
2002,983,13,White,10000 to 12499,7,2
2002,984,12,White,110000 or over,20,3
2002,985,15,White,40000 to 49999,100,2
2002,986,12,White,15000 to 17499,20,5
2002,987,14,White,110000 or over,50,5
2002,988,12,White,50000 to 59999,20,5
2002,989,12,White,90000 to 109999,50,4
2002,990,12,White,25000 to 29999,15,2
2002,991,12,White,10000 to 12499,50,50
2002,992,14,White,110000 or over,90,20
2002,993,16,White,22500 to 24999,30,2
2002,994,15,White,75000 to 89999,60,10
2002,995,12,White,17500 to 19999,20,3
2002,996,12,White,40000 to 49999,12,3
2002,997,10,White,8000 to 9999,3,3
2002,998,12,White,50000 to 59999,30,15
2002,999,12,White,30000 to 34999,100,10
2002,1000,13,White,22500 to 24999,7,7
2002,1001,15,White,30000 to 34999,325,50
2002,1002,10,White,Under 1000,3,1
2002,1005,15,White,75000 to 89999,30,2
2002,1011,12,White,17500 to 19999,35,8
2002,1012,12,White,60000 to 74999,20,3
2002,1013,12,White,50000 to 59999,15,15
2002,1014,12,White,35000 to 39999,4,1
2002,1017,13,White,30000 to 34999,30,5
2002,1019,12,Black,35000 to 39999,20,10
2002,1021,14,White,50000 to 59999,50,5
2002,1022,16,White,75000 to 89999,10,4
2002,1024,19,White,60000 to 74999,100,40
2002,1025,12,White,40000 to 49999,100,20
2002,1026,11,White,17500 to 19999,50,0
2002,1027,15,White,35000 to 39999,4,2
2002,1028,20,White,17500 to 19999,50,6
2002,1029,16,Black,22500 to 24999,50,10
2002,1030,12,White,40000 to 49999,20,3
2002,1031,12,White,10000 to 12499,12,4
2002,1033,16,White,110000 or over,150,20
2002,1034,13,White,110000 or over,60,0
2002,1035,14,White,110000 or over,50,5
2002,1036,12,White,40000 to 49999,25,6
2002,1037,13,White,30000 to 34999,75,25
2002,1038,10,White,35000 to 39999,12,3
2002,1039,13,White,40000 to 49999,50,25
2002,1040,12,White,15000 to 17499,4,4
2002,1041,13,White,75000 to 89999,200,96 or higher
2002,1043,10,White,20000 to 22499,3,3
2002,1044,14,White,30000 to 34999,20,10
2002,1046,16,White,50000 to 59999,20,10
2002,1049,18,White,60000 to 74999,20,3
2002,1050,13,White,25000 to 29999,50,25
2002,1051,18,White,60000 to 74999,6,3
2002,1052,9,White,25000 to 29999,12,12
2002,1053,18,White,75000 to 89999,10,10
2002,1055,19,White,110000 or over,20,6
2002,1056,19,White,110000 or over,20,20
2002,1057,12,White,40000 to 49999,35,5
2002,1058,11,White,10000 to 12499,150,75
2002,1059,10,White,60000 to 74999,3,3
2002,1060,16,White,40000 to 49999,6,6
2002,1061,18,White,40000 to 49999,100,2
2002,1062,17,Black,40000 to 49999,20,4
2002,1063,12,Black,35000 to 39999,2,2
2002,1064,15,White,40000 to 49999,20,10
2002,1065,11,Black,30000 to 34999,100,0
2002,1066,13,White,35000 to 39999,25,5
2002,1067,11,White,4000 to 4999,6,2
2002,1068,12,White,30000 to 34999,6,6
2002,1070,11,White,50000 to 59999,15,6
2002,1071,12,White,50000 to 59999,30,5
2002,1072,12,Black,10000 to 12499,100,50
2002,1073,13,White,60000 to 74999,50,6
2002,1074,13,White,60000 to 74999,12,6
2002,1076,20,White,50000 to 59999,4,2
2002,1077,13,White,110000 or over,30,2
2002,1078,12,White,50000 to 59999,9,6
2002,1079,16,White,75000 to 89999,65,20
2002,1080,14,White,35000 to 39999,10,4
2002,1081,12,White,25000 to 29999,12,3
2002,1085,13,White,60000 to 74999,20,6
2002,1086,13,White,30000 to 34999,3,0
2002,1087,13,White,75000 to 89999,20,15
2002,1092,18,White,60000 to 74999,50,6
2002,1094,12,White,90000 to 109999,50,15
2002,1095,12,White,30000 to 34999,4,4
2002,1096,18,White,110000 or over,100,12
2002,1097,14,White,7000 to 7999,6,2
2002,1098,16,White,40000 to 49999,25,10
2002,1099,17,White,110000 or over,100,10
2002,1100,13,White,60000 to 74999,10,1
2002,1101,12,White,40000 to 49999,50,6
2002,1102,10,White,25000 to 29999,3,3
2002,1103,14,White,Under 1000,20,3
2002,1104,12,White,8000 to 9999,15,10
2002,1105,14,White,17500 to 19999,30,5
2002,1106,12,White,Under 1000,15,5
2002,1107,15,White,20000 to 22499,50,3
2002,1108,11,White,15000 to 17499,50,1
2002,1109,10,White,20000 to 22499,12,4
2002,1110,17,White,110000 or over,25,5
2002,1111,15,White,10000 to 12499,3,3
2002,1112,12,White,20000 to 22499,20,2
2002,1113,12,White,22500 to 24999,25,25
2002,1115,8,White,5000 to 5999,25,1
2002,1116,12,White,10000 to 12499,30,15
2002,1117,12,White,1000 to 2999,50,5
2002,1119,14,White,60000 to 74999,15,15
2002,1121,13,White,35000 to 39999,30,2
2002,1122,11,White,12500 to 14999,4,2
2002,1124,12,White,1000 to 2999,2,2
2002,1126,12,Black,12500 to 14999,4,1
2002,1127,16,White,40000 to 49999,4,4
2002,1128,12,White,75000 to 89999,60,15
2002,1129,11,White,22500 to 24999,20,2
2002,1130,13,White,90000 to 109999,25,4
2002,1131,18,Black,90000 to 109999,10,2
2002,1133,12,White,22500 to 24999,25,25
2002,1134,14,White,110000 or over,30,10
2002,1136,12,White,22500 to 24999,2,2
2002,1138,12,White,20000 to 22499,2,2
2002,1139,8,White,Under 1000,6,3
2002,1140,12,White,30000 to 34999,15,15
2002,1141,12,White,20000 to 22499,3,2
2002,1142,12,White,25000 to 29999,5,2
2002,1143,18,White,40000 to 49999,10,7
2002,1144,12,Black,4000 to 4999,8,1
2002,1145,14,White,60000 to 74999,8,8
2002,1146,16,White,35000 to 39999,100,50
2002,1147,16,White,40000 to 49999,12,6
2002,1148,16,White,25000 to 29999,35,15
2002,1149,10,White,12500 to 14999,20,1
2002,1151,14,White,12500 to 14999,10,2
2002,1152,8,White,50000 to 59999,30,5
2002,1153,12,White,35000 to 39999,6,2
2002,1154,13,White,40000 to 49999,4,2
2002,1155,12,White,15000 to 17499,10,1
2002,1156,12,White,15000 to 17499,2,2
2002,1157,12,White,35000 to 39999,5,0
2002,1158,12,White,75000 to 89999,10,10
2002,1159,12,White,30000 to 34999,100,20
2002,1160,12,White,20000 to 22499,50,30
2002,1161,19,White,30000 to 34999,6,3
2002,1162,9,White,60000 to 74999,7,7
2002,1163,12,White,15000 to 17499,100,20
2002,1164,10,White,17500 to 19999,12,6
2002,1165,12,White,17500 to 19999,15,1
2002,1166,12,White,30000 to 34999,20,2
2002,1167,12,White,25000 to 29999,10,5
2002,1168,12,White,22500 to 24999,50,15
2002,1169,16,White,25000 to 29999,50,5
2002,1170,18,White,60000 to 74999,15,4
2002,1171,16,White,110000 or over,250,60
2002,1172,14,White,110000 or over,150,10
2002,1173,18,White,110000 or over,12,9
2002,1174,20,White,110000 or over,10,4
2002,1176,15,White,110000 or over,150,40
2002,1177,13,White,22500 to 24999,6,3
2002,1178,14,White,75000 to 89999,40,5
2002,1180,12,White,7000 to 7999,40,5
2002,1181,15,White,40000 to 49999,35,10
2002,1182,16,White,90000 to 109999,200,50
2002,1183,20,White,60000 to 74999,25,25
2002,1184,19,White,60000 to 74999,50,20
2002,1185,8,White,17500 to 19999,200,1
2002,1187,16,White,75000 to 89999,500,20
2002,1188,16,White,110000 or over,50,12
2002,1189,16,White,75000 to 89999,15,2
2002,1190,12,White,50000 to 59999,100,30
2002,1191,14,White,90000 to 109999,12,3
2002,1192,12,White,4000 to 4999,30,13
2002,1193,12,White,8000 to 9999,15,15
2002,1194,17,White,7000 to 7999,8,3
2002,1195,20,White,22500 to 24999,50,8
2002,1196,9,White,7000 to 7999,10,8
2002,1198,14,White,25000 to 29999,10,6
2002,1199,12,White,12500 to 14999,30,10
2002,1200,12,White,10000 to 12499,75,30
2002,1201,12,White,Under 1000,15,8
2002,1203,12,White,90000 to 109999,4,3
2002,1204,14,White,15000 to 17499,12,5
2002,1205,12,White,90000 to 109999,20,20
2002,1206,8,White,7000 to 7999,10,3
2002,1208,12,White,50000 to 59999,4,4
2002,1211,12,White,35000 to 39999,5,2
2002,1212,12,White,Under 1000,16,16
2002,1214,14,White,60000 to 74999,100,25
2002,1215,16,Black,75000 to 89999,5,3
2002,1216,13,White,110000 or over,15,15
2002,1217,15,White,90000 to 109999,40,10
2002,1218,12,White,40000 to 49999,40,15
2002,1219,13,White,60000 to 74999,10,10
2002,1220,14,White,60000 to 74999,15,3
2002,1221,19,White,75000 to 89999,25,8
2002,1222,14,White,50000 to 59999,30,5
2002,1223,13,Black,25000 to 29999,2,1
2002,1226,6,Black,40000 to 49999,8,2
2002,1227,12,White,60000 to 74999,10,2
2002,1228,12,White,75000 to 89999,15,5
2002,1229,11,White,7000 to 7999,50,50
2002,1230,2,White,50000 to 59999,10,10
2002,1231,14,White,50000 to 59999,8,3
2002,1232,16,White,110000 or over,10,10
2002,1233,14,Black,22500 to 24999,20,20
2002,1234,12,White,22500 to 24999,12,12
2002,1236,18,White,90000 to 109999,25,5
2002,1237,15,White,35000 to 39999,25,15
2002,1238,16,White,6000 to 6999,20,20
2002,1239,17,White,8000 to 9999,15,5
2002,1241,16,White,90000 to 109999,30,8
2002,1242,13,White,30000 to 34999,5,5
2002,1243,10,White,17500 to 19999,10,10
2002,1246,14,White,75000 to 89999,10,10
2002,1248,10,White,30000 to 34999,10,5
2002,1250,15,White,40000 to 49999,8,8
2002,1251,13,White,50000 to 59999,8,2
2002,1252,12,White,22500 to 24999,25,20
2002,1253,15,Black,40000 to 49999,15,5
2002,1254,13,White,10000 to 12499,50,50
2002,1255,12,White,35000 to 39999,6,2
2002,1257,18,Black,75000 to 89999,20,5
2002,1258,11,Black,Under 1000,4,2
2002,1259,15,Black,90000 to 109999,45,5
2002,1260,11,Black,15000 to 17499,9,6
2002,1261,16,Black,10000 to 12499,100,25
2002,1262,12,Black,22500 to 24999,5,2
2002,1263,16,Black,12500 to 14999,6,3
2002,1264,17,Black,40000 to 49999,12,3
2002,1265,14,Black,25000 to 29999,4,2
2002,1266,12,Black,8000 to 9999,40,3
2002,1267,14,White,5000 to 5999,12,12
2002,1268,5,Black,6000 to 6999,10,5
2002,1270,14,White,10000 to 12499,15,15
2002,1271,11,Black,1000 to 2999,4,2
2002,1272,12,White,12500 to 14999,25,7
2002,1273,15,White,60000 to 74999,20,20
2002,1274,14,White,75000 to 89999,25,3
2002,1275,12,White,7000 to 7999,3,2
2002,1276,10,Black,30000 to 34999,13,2
2002,1277,9,White,15000 to 17499,7,2
2002,1278,12,White,60000 to 74999,3,3
2002,1279,14,Black,25000 to 29999,5,1
2002,1280,12,Black,25000 to 29999,10,2
2002,1281,16,White,25000 to 29999,6,2
2002,1282,15,White,110000 or over,30,30
2002,1283,17,White,110000 or over,10,6
2002,1284,12,White,17500 to 19999,6,1
2002,1285,17,White,40000 to 49999,10,2
2002,1287,13,White,Under 1000,30,30
2002,1288,12,White,35000 to 39999,25,10
2002,1289,16,White,40000 to 49999,6,2
2002,1290,11,White,30000 to 34999,25,3
2002,1291,11,White,35000 to 39999,5,3
2002,1292,12,Black,40000 to 49999,6,1
2002,1293,14,White,15000 to 17499,10,10
2002,1294,12,Black,20000 to 22499,5,3
2002,1295,14,White,35000 to 39999,6,4
2002,1296,18,White,60000 to 74999,25,15
2002,1298,14,White,40000 to 49999,30,15
2002,1299,11,White,90000 to 109999,10,5
2002,1300,12,White,35000 to 39999,300,6
2002,1301,12,White,50000 to 59999,25,3
2002,1302,14,White,40000 to 49999,20,10
2002,1303,17,Black,60000 to 74999,60,40
2002,1304,16,White,35000 to 39999,8,2
2002,1305,12,White,75000 to 89999,10,0
2002,1307,12,White,75000 to 89999,20,5
2002,1308,12,White,60000 to 74999,20,5
2002,1309,13,White,50000 to 59999,5,5
2002,1310,13,White,8000 to 9999,5,3
2002,1311,11,White,60000 to 74999,4,2
2002,1313,13,White,8000 to 9999,3,3
2002,1314,10,White,75000 to 89999,3,2
2002,1315,9,White,15000 to 17499,3,3
2002,1316,14,Black,25000 to 29999,15,2
2002,1318,17,White,40000 to 49999,10,3
2002,1319,11,Black,6000 to 6999,15,1
2002,1320,6,White,22500 to 24999,2,1
2002,1321,14,White,30000 to 34999,50,5
2002,1322,17,White,25000 to 29999,30,10
2002,1323,19,White,50000 to 59999,60,15
2002,1324,16,White,25000 to 29999,20,10
2002,1325,11,White,75000 to 89999,25,4
2002,1326,14,White,35000 to 39999,50,15
2002,1328,12,White,15000 to 17499,25,3
2002,1329,17,White,20000 to 22499,4,4
2002,1330,12,White,40000 to 49999,3,3
2002,1331,10,White,1000 to 2999,6,2
2002,1335,9,White,15000 to 17499,15,2
2002,1336,11,White,5000 to 5999,12,10
2002,1337,19,White,50000 to 59999,25,4
2002,1338,12,White,40000 to 49999,50,10
2002,1339,12,White,40000 to 49999,10,5
2002,1340,16,White,110000 or over,6,1
2002,1342,13,White,22500 to 24999,10,10
2002,1343,15,White,22500 to 24999,1,1
2002,1344,11,Black,Under 1000,7,2
2002,1345,12,Black,8000 to 9999,3,2
2002,1346,7,White,8000 to 9999,1,0
2002,1347,8,White,25000 to 29999,6,6
2002,1348,12,Black,1000 to 2999,15,8
2002,1349,10,Black,Under 1000,4,1
2002,1350,11,Black,10000 to 12499,50,5
2002,1351,9,Black,10000 to 12499,10,3
2002,1352,8,White,Under 1000,5,5
2002,1353,12,White,25000 to 29999,50,10
2002,1354,12,White,40000 to 49999,5,0
2002,1355,12,White,15000 to 17499,40,5
2002,1356,10,White,25000 to 29999,20,15
2002,1357,14,White,60000 to 74999,300,15
2002,1358,14,White,90000 to 109999,10,4
2002,1359,20,White,40000 to 49999,50,5
2002,1360,20,White,40000 to 49999,10,6
2002,1361,20,White,110000 or over,100,40
2002,1362,20,White,90000 to 109999,8,6
2002,1363,16,White,110000 or over,25,5
2002,1364,12,White,40000 to 49999,20,8
2002,1365,12,White,15000 to 17499,8,2
2002,1366,12,Black,17500 to 19999,10,2
2002,1367,12,White,50000 to 59999,4,4
2002,1368,12,White,40000 to 49999,5,0
2002,1369,14,White,17500 to 19999,150,75
2002,1370,15,White,50000 to 59999,10,3
2002,1372,10,White,10000 to 12499,20,10
2002,1373,20,White,75000 to 89999,100,15
2002,1374,14,White,50000 to 59999,25,5
2002,1375,11,White,40000 to 49999,6,3
2002,1376,11,White,7000 to 7999,10,7
2002,1377,20,White,20000 to 22499,50,10
2002,1378,16,Black,110000 or over,30,10
2002,1380,17,White,40000 to 49999,20,8
2002,1382,12,Black,40000 to 49999,10,0
2002,1383,16,White,110000 or over,200,50
2002,1384,13,Black,75000 to 89999,10,0
2002,1385,12,Black,50000 to 59999,10,3
2002,1386,16,White,40000 to 49999,450,15
2002,1388,16,Black,40000 to 49999,10,3
2002,1389,16,White,40000 to 49999,30,8
2002,1390,16,White,25000 to 29999,35,2
2002,1391,15,White,60000 to 74999,200,50
2002,1392,14,White,60000 to 74999,20,3
2002,1394,15,White,75000 to 89999,24,5
2002,1395,10,Black,5000 to 5999,2,2
2002,1396,16,White,20000 to 22499,50,10
2002,1397,16,White,30000 to 34999,25,6
2002,1398,11,White,60000 to 74999,70,15
2002,1399,12,Black,30000 to 34999,100,3
2002,1400,18,White,60000 to 74999,45,5
2002,1401,13,White,10000 to 12499,50,3
2002,1402,12,White,17500 to 19999,8,4
2002,1404,12,White,40000 to 49999,100,25
2002,1405,12,White,Under 1000,6,3
2002,1406,14,White,90000 to 109999,20,5
2002,1407,14,White,25000 to 29999,20,10
2002,1408,12,White,60000 to 74999,6,6
2002,1409,12,White,10000 to 12499,50,40
2002,1410,14,White,60000 to 74999,25,10
2002,1411,14,White,25000 to 29999,100,5
2002,1412,16,White,25000 to 29999,50,15
2002,1413,15,White,35000 to 39999,15,5
2002,1414,16,White,35000 to 39999,500,96 or higher
2002,1415,12,White,35000 to 39999,6,4
2002,1416,17,White,30000 to 34999,3,2
2002,1417,17,White,30000 to 34999,10,4
2002,1418,16,White,50000 to 59999,5,5
2002,1419,16,White,35000 to 39999,20,10
2002,1420,17,White,40000 to 49999,10,4
2002,1421,16,White,50000 to 59999,20,20
2002,1422,16,White,35000 to 39999,20,5
2002,1423,16,White,110000 or over,50,10
2002,1424,16,White,8000 to 9999,10,8
2002,1425,13,White,60000 to 74999,50,4
2002,1426,12,Black,35000 to 39999,20,3
2002,1427,12,White,30000 to 34999,3,3
2002,1428,20,Black,20000 to 22499,7,7
2002,1429,12,Black,20000 to 22499,2,2
2002,1430,13,Black,20000 to 22499,10,5
2002,1431,11,Black,20000 to 22499,5,1
2002,1432,12,Black,30000 to 34999,20,5
2002,1433,12,Black,22500 to 24999,5,1
2002,1434,11,White,50000 to 59999,4,4
2002,1435,18,White,22500 to 24999,30,20
2002,1436,14,Black,60000 to 74999,20,1
2002,1437,12,White,30000 to 34999,7,7
2002,1439,19,White,50000 to 59999,50,20
2002,1440,16,White,50000 to 59999,12,4
2002,1441,20,White,50000 to 59999,25,25
2002,1442,19,White,110000 or over,100,1
2002,1443,16,White,50000 to 59999,50,10
2002,1444,12,White,35000 to 39999,6,3
2002,1445,13,Black,15000 to 17499,25,5
2002,1446,11,Black,8000 to 9999,10,2
2002,1447,17,Black,35000 to 39999,10,3
2002,1448,11,Black,12500 to 14999,20,5
2002,1449,18,White,90000 to 109999,10,8
2002,1450,13,White,50000 to 59999,50,4
2002,1452,16,White,15000 to 17499,4,4
2002,1454,12,White,75000 to 89999,6,3
2002,1455,13,Black,5000 to 5999,40,5
2002,1456,12,Black,35000 to 39999,10,7
2002,1457,7,Black,20000 to 22499,20,5
2002,1458,13,Black,22500 to 24999,12,7
2002,1460,15,Black,25000 to 29999,6,3
2002,1461,13,White,25000 to 29999,40,9
2002,1462,14,Black,8000 to 9999,10,3
2002,1463,17,Black,40000 to 49999,3,3
2002,1464,12,White,10000 to 12499,5,5
2002,1465,13,Black,22500 to 24999,12,2
2002,1466,12,White,22500 to 24999,10,10
2002,1467,14,Black,50000 to 59999,10,6
2002,1468,13,White,40000 to 49999,5,5
2002,1469,12,White,40000 to 49999,50,10
2002,1470,16,Black,35000 to 39999,8,2
2002,1472,14,Black,22500 to 24999,6,6
2002,1473,12,White,25000 to 29999,4,4
2002,1474,13,White,40000 to 49999,10,3
2002,1475,9,Black,35000 to 39999,3,3
2002,1476,12,White,60000 to 74999,2,2
2002,1477,12,White,60000 to 74999,3,1
2002,1478,12,White,50000 to 59999,50,25
2002,1479,12,White,30000 to 34999,10,10
2002,1480,14,White,40000 to 49999,55,11
2002,1481,16,White,22500 to 24999,6,1
2002,1482,14,Black,50000 to 59999,30,5
2002,1483,20,White,75000 to 89999,20,10
2002,1484,16,White,75000 to 89999,20,10
2002,1485,18,White,60000 to 74999,40,20
2002,1491,16,White,60000 to 74999,8,3
2002,1492,16,White,50000 to 59999,10,2
2002,1494,15,Black,35000 to 39999,15,5
2002,1495,15,Black,30000 to 34999,50,10
2002,1496,12,White,30000 to 34999,30,20
2002,1498,14,Black,30000 to 34999,20,5
2002,1500,15,White,8000 to 9999,4,4
2002,1505,12,White,75000 to 89999,50,5
2002,1506,12,White,75000 to 89999,10,10
2002,1507,13,White,75000 to 89999,6,0
2002,1508,16,White,35000 to 39999,50,5
2002,1509,12,White,25000 to 29999,6,6
2002,1510,12,White,15000 to 17499,35,35
2002,1511,12,Black,3000 to 3999,6,6
2002,1512,12,Black,30000 to 34999,10,2
2002,1513,12,White,40000 to 49999,5,3
2002,1515,12,White,8000 to 9999,5,5
2002,1516,12,White,Under 1000,2,2
2002,1517,14,White,17500 to 19999,15,11
2002,1518,18,White,12500 to 14999,70,5
2002,1519,13,Black,50000 to 59999,3,1
2002,1521,13,White,90000 to 109999,2,2
2002,1522,12,White,40000 to 49999,2,2
2002,1523,12,White,25000 to 29999,10,6
2002,1524,10,White,7000 to 7999,5,1
2002,1525,12,White,60000 to 74999,5,3
2002,1526,12,White,35000 to 39999,8,5
2002,1527,19,White,110000 or over,20,3
2002,1528,12,White,50000 to 59999,12,2
2002,1529,16,White,110000 or over,35,5
2002,1530,14,White,110000 or over,50,15
2002,1531,18,White,90000 to 109999,25,5
2002,1532,16,White,110000 or over,50,10
2002,1533,18,White,110000 or over,15,6
2002,1534,18,White,90000 to 109999,2,1
2002,1535,13,White,110000 or over,20,8
2002,1537,16,White,60000 to 74999,100,20
2002,1538,20,White,40000 to 49999,28,5
2002,1540,14,White,15000 to 17499,7,2
2002,1543,12,Black,25000 to 29999,10,5
2002,1544,11,White,60000 to 74999,60,30
2002,1546,14,White,20000 to 22499,25,3
2002,1547,12,Black,35000 to 39999,30,30
2002,1549,14,Black,40000 to 49999,10,2
2002,1550,12,Black,3000 to 3999,20,5
2002,1551,12,White,35000 to 39999,200,0
2002,1552,12,Black,60000 to 74999,2,2
2002,1553,16,Black,30000 to 34999,10,8
2002,1555,12,White,8000 to 9999,50,15
2002,1557,11,White,30000 to 34999,4,2
2002,1558,12,White,15000 to 17499,5,2
2002,1559,14,White,20000 to 22499,40,3
2002,1560,12,White,35000 to 39999,40,2
2002,1561,10,White,25000 to 29999,6,1
2002,1562,11,White,40000 to 49999,15,6
2002,1563,14,White,12500 to 14999,3,0
2002,1565,14,Black,50000 to 59999,20,1
2002,1566,12,Black,12500 to 14999,5,3
2002,1567,14,Black,20000 to 22499,10,10
2002,1568,18,Black,25000 to 29999,30,2
2002,1569,8,Black,22500 to 24999,25,2
2002,1570,12,White,17500 to 19999,10,2
2002,1572,20,White,10000 to 12499,20,5
2002,1573,13,White,50000 to 59999,15,3
2002,1574,14,White,30000 to 34999,33,4
2002,1576,14,White,25000 to 29999,100,2
2002,1577,13,White,40000 to 49999,20,10
2002,1578,13,White,12500 to 14999,100,5
2002,1579,16,White,50000 to 59999,15,5
2002,1580,16,White,30000 to 34999,6,6
2002,1582,16,White,50000 to 59999,10,4
2002,1584,16,White,75000 to 89999,15,15
2002,1585,16,White,90000 to 109999,10,3
2002,1586,16,White,75000 to 89999,75,15
2002,1587,14,White,12500 to 14999,12,12
2002,1588,15,White,60000 to 74999,10,10
2002,1589,14,White,50000 to 59999,5,2
2002,1590,18,White,110000 or over,10,10
2002,1591,14,White,75000 to 89999,30,12
2002,1592,12,White,40000 to 49999,5,5
2002,1593,12,White,35000 to 39999,50,25
2002,1594,12,White,12500 to 14999,30,10
2002,1595,14,White,50000 to 59999,10,5
2002,1596,12,White,40000 to 49999,40,2
2002,1597,16,White,40000 to 49999,50,8
2002,1598,12,White,15000 to 17499,10,5
2002,1599,12,White,40000 to 49999,5,2
2002,1600,14,White,50000 to 59999,30,6
2002,1601,13,White,8000 to 9999,14,2
2002,1602,12,White,75000 to 89999,25,5
2002,1603,12,White,75000 to 89999,25,3
2002,1604,15,White,75000 to 89999,40,5
2002,1605,16,White,60000 to 74999,50,5
2002,1606,13,White,50000 to 59999,30,10
2002,1607,15,White,75000 to 89999,10,5
2002,1608,12,White,60000 to 74999,100,30
2002,1609,12,White,30000 to 34999,40,10
2002,1610,16,White,35000 to 39999,15,6
2002,1612,14,White,90000 to 109999,50,25
2002,1613,12,Black,50000 to 59999,6,1
2002,1614,14,Black,90000 to 109999,60,6
2002,1615,9,Black,6000 to 6999,5,2
2002,1616,12,Black,35000 to 39999,20,3
2002,1617,13,White,30000 to 34999,150,1
2002,1618,14,White,75000 to 89999,30,1
2002,1619,14,White,35000 to 39999,20,4
2002,1620,15,White,40000 to 49999,10,4
2002,1621,12,White,50000 to 59999,5,4
2002,1622,12,White,8000 to 9999,2,1
2002,1623,13,White,25000 to 29999,6,4
2002,1624,16,White,6000 to 6999,3,3
2002,1625,16,White,110000 or over,30,24
2002,1627,11,White,12500 to 14999,150,96 or higher
2002,1629,17,White,90000 to 109999,40,15
2002,1630,16,White,110000 or over,200,2
2002,1631,16,White,110000 or over,25,25
2002,1632,16,White,60000 to 74999,30,4
2002,1634,14,White,110000 or over,12,2
2002,1635,16,White,35000 to 39999,25,12
2002,1636,16,White,50000 to 59999,5,3
2002,1637,12,White,20000 to 22499,30,2
2002,1638,14,White,60000 to 74999,20,15
2002,1639,16,White,50000 to 59999,25,3
2002,1641,11,White,10000 to 12499,5,5
2002,1642,14,White,6000 to 6999,75,15
2002,1648,15,White,40000 to 49999,12,12
2002,1649,15,White,75000 to 89999,100,15
2002,1650,16,White,110000 or over,150,50
2002,1651,14,White,110000 or over,5,1
2002,1654,16,White,75000 to 89999,50,50
2002,1655,12,White,60000 to 74999,20,5
2002,1656,18,White,110000 or over,50,10
2002,1657,14,White,60000 to 74999,12,5
2002,1658,16,White,25000 to 29999,15,5
2002,1659,19,White,8000 to 9999,2,1
2002,1660,12,Black,22500 to 24999,20,0
2002,1662,13,Black,60000 to 74999,20,6
2002,1663,13,Black,40000 to 49999,4,4
2002,1664,12,Black,20000 to 22499,20,6
2002,1665,13,Black,60000 to 74999,100,5
2002,1667,14,Black,40000 to 49999,50,5
2002,1668,12,White,25000 to 29999,5,5
2002,1669,12,White,30000 to 34999,12,10
2002,1671,14,White,60000 to 74999,150,20
2002,1673,9,White,17500 to 19999,10,4
2002,1674,10,White,40000 to 49999,14,8
2002,1676,13,Black,75000 to 89999,30,0
2002,1677,14,Black,40000 to 49999,20,10
2002,1678,11,Black,15000 to 17499,10,10
2002,1679,12,Black,25000 to 29999,15,2
2002,1680,15,Black,15000 to 17499,50,2
2002,1681,11,Black,10000 to 12499,20,2
2002,1682,13,Black,6000 to 6999,10,4
2002,1684,11,Black,17500 to 19999,30,15
2002,1685,12,Black,6000 to 6999,2,2
2002,1687,12,White,60000 to 74999,30,30
2002,1688,17,White,40000 to 49999,15,15
2002,1692,14,White,60000 to 74999,50,3
2002,1693,16,White,110000 or over,10,5
2002,1694,14,White,75000 to 89999,20,6
2002,1695,17,White,110000 or over,4,4
2002,1696,13,Black,75000 to 89999,15,4
2002,1697,12,White,110000 or over,3,3
2002,1698,17,White,90000 to 109999,175,5
2002,1699,6,White,30000 to 34999,10,0
2002,1700,16,Black,40000 to 49999,50,50
2002,1701,1,White,1000 to 2999,12,2
2002,1703,16,Black,35000 to 39999,35,0
2002,1704,12,White,22500 to 24999,15,3
2002,1705,13,White,15000 to 17499,10,10
2002,1706,16,White,90000 to 109999,25,11
2002,1707,17,White,50000 to 59999,75,20
2002,1708,17,White,90000 to 109999,30,4
2002,1709,20,White,110000 or over,20,3
2002,1710,13,White,75000 to 89999,12,2
2002,1711,2,White,50000 to 59999,20,20
2002,1712,13,White,40000 to 49999,3,3
2002,1714,13,White,35000 to 39999,25,15
2002,1715,15,White,30000 to 34999,6,6
2002,1716,12,White,40000 to 49999,20,10
2002,1717,15,White,40000 to 49999,10,0
2002,1718,13,White,75000 to 89999,20,8
2002,1719,17,White,110000 or over,100,15
2002,1720,13,White,22500 to 24999,10,10
2002,1721,18,White,90000 to 109999,20,15
2002,1726,18,White,30000 to 34999,6,6
2002,1727,15,White,1000 to 2999,4,3
2002,1729,15,White,30000 to 34999,50,10
2002,1730,12,Black,40000 to 49999,75,5
2002,1731,14,White,12500 to 14999,20,4
2002,1732,2,Black,40000 to 49999,6,6
2002,1733,17,Black,22500 to 24999,4,4
2002,1735,14,White,30000 to 34999,15,3
2002,1736,12,White,8000 to 9999,35,15
2002,1737,12,White,3000 to 3999,20,5
2002,1738,14,White,5000 to 5999,20,7
2002,1739,13,White,17500 to 19999,100,4
2002,1740,13,White,1000 to 2999,10,10
2002,1741,12,White,3000 to 3999,150,15
2002,1743,14,White,110000 or over,20,12
2002,1744,18,White,60000 to 74999,50,8
2002,1745,15,White,3000 to 3999,20,6
2002,1746,20,White,15000 to 17499,25,5
2002,1749,15,White,25000 to 29999,70,20
2002,1750,18,White,10000 to 12499,20,15
2002,1751,12,White,35000 to 39999,4,4
2002,1752,15,Black,75000 to 89999,15,3
2002,1753,14,White,40000 to 49999,15,1
2002,1754,16,White,60000 to 74999,30,20
2002,1755,10,White,35000 to 39999,20,5
2002,1756,19,White,17500 to 19999,50,15
2002,1757,12,Black,22500 to 24999,100,20
2002,1758,11,Black,10000 to 12499,20,5
2002,1759,8,Black,10000 to 12499,4,2
2002,1760,14,Black,12500 to 14999,20,4
2002,1762,12,Black,10000 to 12499,20,5
2002,1763,12,Black,12500 to 14999,50,15
2002,1764,12,Black,10000 to 12499,100,25
2002,1765,12,White,30000 to 34999,15,3
2002,1766,13,White,60000 to 74999,30,15
2002,1768,9,White,35000 to 39999,4,1
2002,1769,16,White,40000 to 49999,10,5
2002,1770,12,White,60000 to 74999,50,5
2002,1771,12,White,35000 to 39999,100,20
2002,1772,12,White,50000 to 59999,5,0
2002,1773,10,Black,12500 to 14999,3,1
2002,1774,19,Black,40000 to 49999,5,3
2002,1776,12,White,75000 to 89999,25,2
2002,1777,15,White,60000 to 74999,8,8
2002,1778,19,White,30000 to 34999,35,3
2002,1779,16,White,40000 to 49999,50,25
2002,1780,16,White,5000 to 5999,50,5
2002,1781,16,White,6000 to 6999,15,7
2002,1784,18,White,40000 to 49999,20,10
2002,1785,16,White,110000 or over,50,5
2002,1786,16,White,75000 to 89999,50,10
2002,1788,14,White,90000 to 109999,20,10
2002,1789,16,White,75000 to 89999,10,2
2002,1790,13,White,15000 to 17499,6,2
2002,1791,20,White,75000 to 89999,4,4
2002,1792,16,White,35000 to 39999,100,5
2002,1794,16,White,30000 to 34999,8,6
2002,1795,12,White,5000 to 5999,50,2
2002,1797,12,White,35000 to 39999,20,15
2002,1798,16,White,90000 to 109999,4,4
2002,1799,13,White,50000 to 59999,10,10
2002,1801,14,White,40000 to 49999,50,25
2002,1802,16,White,30000 to 34999,10,10
2002,1803,15,White,75000 to 89999,15,10
2002,1804,18,White,40000 to 49999,150,50
2002,1805,16,White,50000 to 59999,100,35
2002,1806,17,White,40000 to 49999,6,6
2002,1807,14,White,40000 to 49999,1,1
2002,1808,14,White,15000 to 17499,10,3
2002,1809,18,White,50000 to 59999,20,12
2002,1810,16,White,50000 to 59999,10,3
2002,1811,16,White,30000 to 34999,6,3
2002,1812,12,White,6000 to 6999,25,6
2002,1813,13,White,8000 to 9999,30,30
2002,1814,18,White,25000 to 29999,20,10
2002,1815,16,White,75000 to 89999,40,6
2002,1816,13,Black,25000 to 29999,3,2
2002,1817,14,White,30000 to 34999,10,6
2002,1818,13,Black,40000 to 49999,6,3
2002,1819,18,White,110000 or over,150,96 or higher
2002,1820,16,White,110000 or over,60,4
2002,1821,12,White,110000 or over,25,7
2002,1823,16,White,110000 or over,25,10
2002,1824,16,White,110000 or over,6,6
2002,1825,19,White,110000 or over,5,0
2002,1826,16,White,110000 or over,60,30
2002,1827,15,White,110000 or over,30,20
2002,1828,14,White,50000 to 59999,15,4
2002,1829,16,White,110000 or over,50,10
2002,1832,14,White,40000 to 49999,6,6
2002,1834,10,White,40000 to 49999,25,6
2002,1835,16,White,60000 to 74999,32,1
2002,1836,18,White,40000 to 49999,10,7
2002,1837,12,White,75000 to 89999,10,10
2002,1838,16,White,50000 to 59999,500,25
2002,1839,15,White,90000 to 109999,20,8
2002,1840,16,Black,60000 to 74999,5,5
2002,1841,12,White,50000 to 59999,100,20
2002,1842,14,Black,40000 to 49999,10,4
2002,1844,11,Black,35000 to 39999,5,2
2002,1845,13,Black,75000 to 89999,30,15
2002,1846,12,Black,22500 to 24999,50,5
2002,1847,8,Black,Under 1000,4,2
2002,1848,12,Black,30000 to 34999,60,60
2002,1851,14,White,30000 to 34999,10,7
2002,1852,12,Black,10000 to 12499,4,4
2002,1854,17,White,10000 to 12499,6,6
2002,1856,12,White,15000 to 17499,20,10
2002,1857,12,White,75000 to 89999,55,15
2002,1858,15,White,90000 to 109999,6,6
2002,1859,20,White,110000 or over,100,96 or higher
2002,1860,18,White,75000 to 89999,25,7
2002,1862,19,White,90000 to 109999,15,5
2002,1863,20,White,110000 or over,12,12
2002,1864,16,White,35000 to 39999,30,15
2002,1865,20,White,35000 to 39999,100,20
2002,1866,20,White,110000 or over,100,10
2002,1867,18,White,60000 to 74999,80,10
2002,1868,15,White,60000 to 74999,20,20
2002,1869,12,White,40000 to 49999,30,8
2002,1870,16,White,50000 to 59999,50,5
2002,1871,18,White,50000 to 59999,30,5
2002,1872,16,White,75000 to 89999,20,10
2002,1873,16,White,110000 or over,50,4
2002,1874,20,White,90000 to 109999,25,3
2002,1875,16,White,75000 to 89999,50,3
2002,1876,18,White,75000 to 89999,12,10
2002,1877,15,White,Under 1000,30,8
2002,1878,12,White,110000 or over,25,25
2002,1879,18,White,90000 to 109999,12,6
2002,1880,14,White,75000 to 89999,75,14
2002,1881,16,White,110000 or over,25,6
2002,1882,15,White,60000 to 74999,25,5
2002,1883,18,Black,35000 to 39999,35,5
2002,1884,10,Black,20000 to 22499,25,10
2002,1885,12,Black,25000 to 29999,10,2
2002,1886,12,Black,4000 to 4999,40,5
2002,1888,12,White,50000 to 59999,5,3
2002,1889,11,White,17500 to 19999,10,0
2002,1892,16,White,90000 to 109999,15,15
2002,1894,17,White,50000 to 59999,20,2
2002,1895,19,White,60000 to 74999,30,30
2002,1896,13,Black,22500 to 24999,20,8
2002,1898,15,Black,25000 to 29999,35,5
2002,1900,12,Black,40000 to 49999,30,6
2002,1901,12,Black,17500 to 19999,4,2
2002,1902,12,Black,50000 to 59999,3,3
2002,1903,14,Black,50000 to 59999,80,10
2002,1904,19,White,90000 to 109999,10,2
2002,1905,18,White,25000 to 29999,20,20
2002,1908,12,White,10000 to 12499,7,4
2002,1909,10,Black,6000 to 6999,24,1
2002,1911,17,White,75000 to 89999,40,8
2002,1913,20,White,40000 to 49999,60,10
2002,1914,17,White,110000 or over,10,10
2002,1915,18,White,60000 to 74999,25,5
2002,1916,18,White,35000 to 39999,70,13
2002,1917,15,Black,60000 to 74999,17,7
2002,1919,12,Black,20000 to 22499,4,1
2002,1920,12,Black,40000 to 49999,10,10
2002,1922,20,White,90000 to 109999,200,20
2002,1923,14,White,25000 to 29999,30,0
2002,1924,12,White,35000 to 39999,15,0
2002,1925,12,White,75000 to 89999,5,3
2002,1926,12,White,Under 1000,1,1
2002,1928,9,Black,8000 to 9999,75,10
2002,1929,16,White,35000 to 39999,100,4
2002,1932,19,Black,90000 to 109999,50,10
2002,1933,7,Black,10000 to 12499,55,3
2002,1934,0,Black,6000 to 6999,2,2
2002,1935,12,Black,17500 to 19999,4,2
2002,1936,8,Black,8000 to 9999,10,6
2002,1938,13,White,50000 to 59999,25,5
2002,1939,13,White,50000 to 59999,6,1
2002,1940,16,White,30000 to 34999,10,4
2002,1942,14,White,30000 to 34999,5,2
2002,1944,13,White,22500 to 24999,10,0
2002,1945,14,White,22500 to 24999,15,5
2002,1946,14,White,50000 to 59999,50,40
2002,1947,16,White,12500 to 14999,4,4
2002,1948,12,White,35000 to 39999,5,3
2002,1949,12,White,50000 to 59999,10,2
2002,1950,16,White,50000 to 59999,50,30
2002,1951,19,White,110000 or over,150,50
2002,1952,12,White,75000 to 89999,60,6
2002,1953,14,White,30000 to 34999,50,20
2002,1954,10,White,10000 to 12499,20,20
2002,1955,12,White,40000 to 49999,1,1
2002,1956,14,White,40000 to 49999,3,3
2002,1957,17,White,30000 to 34999,40,3
2002,1958,14,White,40000 to 49999,5,3
2002,1959,18,White,50000 to 59999,35,5
2002,1960,15,White,30000 to 34999,15,5
2002,1961,12,White,35000 to 39999,5,2
2002,1962,14,White,50000 to 59999,10,7
2002,1963,18,White,60000 to 74999,50,10
2002,1964,12,White,25000 to 29999,3,1
2002,1965,15,White,10000 to 12499,200,96 or higher
2002,1966,11,White,20000 to 22499,2,0
2002,1967,14,White,50000 to 59999,5,5
2002,1968,16,White,17500 to 19999,4,2
2002,1969,12,White,40000 to 49999,30,5
2002,1970,10,White,35000 to 39999,4,4
2002,1971,16,White,110000 or over,50,8
2002,1972,15,White,1000 to 2999,14,3
2002,1973,12,White,90000 to 109999,12,3
2002,1974,12,White,50000 to 59999,100,8
2002,1976,17,White,60000 to 74999,5,2
2002,1977,12,White,90000 to 109999,50,25
2002,1978,18,White,75000 to 89999,50,10
2002,1979,12,White,40000 to 49999,2,2
2002,1980,14,White,90000 to 109999,12,2
2002,1981,12,White,60000 to 74999,25,12
2002,1983,12,White,40000 to 49999,5,2
2002,1984,14,White,40000 to 49999,7,1
2002,1986,13,White,12500 to 14999,12,12
2002,1987,20,White,90000 to 109999,20,3
2002,1988,12,White,15000 to 17499,5,2
2002,1990,13,White,50000 to 59999,50,30
2002,1991,11,White,17500 to 19999,20,5
2002,1993,12,White,7000 to 7999,25,20
2002,1995,17,White,50000 to 59999,40,6
2002,1996,13,White,8000 to 9999,10,3
2002,1998,12,White,25000 to 29999,10,10
2002,1999,12,White,50000 to 59999,15,10
2002,2000,12,Black,60000 to 74999,25,0
2002,2001,6,Black,7000 to 7999,5,5
2002,2003,11,Black,3000 to 3999,10,5
2002,2004,12,Black,4000 to 4999,10,5
2002,2005,10,White,1000 to 2999,40,15
2002,2006,12,White,40000 to 49999,30,2
2002,2007,13,White,35000 to 39999,40,15
2002,2008,12,White,25000 to 29999,50,8
2002,2009,12,White,40000 to 49999,4,3
2002,2010,15,White,40000 to 49999,3,2
2002,2011,14,White,30000 to 34999,10,10
2002,2012,16,White,35000 to 39999,5,4
2002,2014,12,White,75000 to 89999,10,3
2002,2015,13,White,110000 or over,10,5
2002,2016,19,White,Under 1000,30,12
2002,2017,14,White,110000 or over,100,3
2002,2018,10,White,25000 to 29999,20,4
2002,2021,12,White,75000 to 89999,50,5
2002,2022,18,White,35000 to 39999,200,25
2002,2023,7,White,35000 to 39999,5,2
2002,2024,8,White,8000 to 9999,6,4
2002,2025,12,White,22500 to 24999,4,3
2002,2026,11,White,25000 to 29999,3,1
2002,2027,12,White,30000 to 34999,15,3
2002,2028,16,White,20000 to 22499,50,10
2002,2029,16,White,35000 to 39999,50,3
2002,2030,16,White,30000 to 34999,25,10
2002,2031,12,White,40000 to 49999,125,25
2002,2032,14,White,40000 to 49999,50,10
2002,2033,8,White,17500 to 19999,5,1
2002,2034,12,White,22500 to 24999,5,2
2002,2035,12,White,50000 to 59999,4,2
2002,2036,12,White,40000 to 49999,35,12
2002,2038,13,White,90000 to 109999,200,5
2002,2039,11,White,30000 to 34999,6,2
2002,2040,18,White,30000 to 34999,30,10
2002,2042,12,White,75000 to 89999,30,5
2002,2043,14,White,60000 to 74999,20,20
2002,2045,12,White,60000 to 74999,45,5
2002,2046,17,White,25000 to 29999,6,6
2002,2047,12,White,12500 to 14999,30,6
2002,2048,15,White,50000 to 59999,100,6
2002,2049,14,White,60000 to 74999,100,5
2002,2050,16,White,40000 to 49999,20,1
2002,2051,13,White,60000 to 74999,30,10
2002,2052,12,White,50000 to 59999,100,96 or higher
2002,2053,12,White,50000 to 59999,25,25
2002,2054,12,White,30000 to 34999,30,10
2002,2055,12,White,25000 to 29999,10,6
2002,2057,13,White,35000 to 39999,6,2
2002,2058,14,White,50000 to 59999,20,20
2002,2060,18,White,40000 to 49999,10,2
2002,2061,18,White,75000 to 89999,20,10
2002,2063,17,White,110000 or over,75,25
2002,2064,16,White,90000 to 109999,100,5
2002,2065,15,White,20000 to 22499,25,25
2002,2066,16,White,60000 to 74999,20,15
2002,2067,12,White,40000 to 49999,20,15
2002,2068,12,White,30000 to 34999,6,6
2002,2069,8,White,8000 to 9999,20,20
2002,2070,10,White,15000 to 17499,20,10
2002,2071,13,White,40000 to 49999,10,3
2002,2072,13,White,25000 to 29999,5,5
2002,2073,10,White,25000 to 29999,5,5
2002,2074,14,White,6000 to 6999,10,3
2002,2075,17,White,90000 to 109999,50,6
2002,2076,16,White,12500 to 14999,50,50
2002,2077,14,White,1000 to 2999,4,1
2002,2078,13,White,50000 to 59999,25,4
2002,2079,12,White,17500 to 19999,24,11
2002,2080,20,White,75000 to 89999,30,30
2002,2083,20,White,35000 to 39999,70,11
2002,2084,16,White,20000 to 22499,25,5
2002,2085,11,White,30000 to 34999,30,5
2002,2086,12,White,40000 to 49999,25,13
2002,2087,14,White,10000 to 12499,12,12
2002,2088,12,White,40000 to 49999,80,12
2002,2089,12,White,60000 to 74999,10,3
2002,2090,14,White,30000 to 34999,25,3
2002,2091,16,White,10000 to 12499,15,3
2002,2092,16,Black,30000 to 34999,2,1
2002,2093,13,White,Under 1000,7,2
2002,2094,12,White,40000 to 49999,6,6
2002,2096,18,Black,50000 to 59999,30,6
2002,2097,15,White,5000 to 5999,5,2
2002,2098,9,White,15000 to 17499,30,5
2002,2099,14,White,17500 to 19999,15,0
2002,2100,14,White,40000 to 49999,8,8
2002,2101,12,White,10000 to 12499,12,6
2002,2102,9,White,17500 to 19999,30,3
2002,2103,12,White,12500 to 14999,10,4
2002,2104,4,White,6000 to 6999,15,0
2002,2105,12,White,25000 to 29999,20,5
2002,2106,14,White,8000 to 9999,2,0
2002,2107,8,White,6000 to 6999,25,5
2002,2108,10,White,50000 to 59999,8,5
2002,2109,8,White,12500 to 14999,12,0
2002,2110,13,White,15000 to 17499,8,4
2002,2111,12,White,15000 to 17499,12,5
2002,2112,12,White,20000 to 22499,15,10
2002,2113,8,White,15000 to 17499,20,10
2002,2114,18,White,90000 to 109999,50,3
2002,2115,10,Black,8000 to 9999,5,3
2002,2116,8,Black,10000 to 12499,10,3
2002,2117,10,White,8000 to 9999,10,10
2002,2118,14,White,30000 to 34999,25,1
2002,2119,16,White,30000 to 34999,5,2
2002,2120,11,White,30000 to 34999,50,1
2002,2121,4,Black,15000 to 17499,20,5
2002,2122,12,White,35000 to 39999,100,3
2002,2123,11,White,22500 to 24999,15,6
2002,2124,11,White,25000 to 29999,25,10
2002,2125,8,White,75000 to 89999,10,5
2002,2126,0,White,12500 to 14999,27,7
2002,2127,11,Black,3000 to 3999,4,2
2002,2128,12,White,40000 to 49999,50,10
2002,2129,16,White,75000 to 89999,400,25
2002,2131,12,Black,17500 to 19999,16,16
2002,2132,7,White,10000 to 12499,6,6
2002,2133,12,White,60000 to 74999,5,3
2002,2134,14,White,30000 to 34999,50,0
2002,2135,11,Black,20000 to 22499,2,1
2002,2136,12,White,30000 to 34999,6,1
2002,2138,12,White,90000 to 109999,6,2
2002,2139,13,White,75000 to 89999,20,5
2002,2140,19,White,60000 to 74999,100,20
2002,2142,16,White,40000 to 49999,30,30
2002,2143,12,White,60000 to 74999,2,2
2002,2144,15,White,50000 to 59999,50,5
2002,2145,16,White,60000 to 74999,100,25
2002,2146,14,White,75000 to 89999,15,0
2002,2147,12,White,50000 to 59999,6,2
2002,2148,12,White,15000 to 17499,7,7
2002,2149,12,White,50000 to 59999,200,30
2002,2150,12,White,60000 to 74999,6,3
2002,2151,14,White,50000 to 59999,35,12
2002,2152,12,White,75000 to 89999,50,5
2002,2153,12,White,60000 to 74999,20,10
2002,2154,14,White,50000 to 59999,8,5
2002,2155,12,White,60000 to 74999,9,4
2002,2156,2,White,75000 to 89999,2,2
2002,2157,12,White,60000 to 74999,30,6
2002,2158,14,White,20000 to 22499,30,30
2002,2159,12,White,22500 to 24999,3,3
2002,2160,12,White,4000 to 4999,60,6
2002,2162,12,White,15000 to 17499,3,2
2002,2163,8,White,15000 to 17499,15,5
2002,2164,12,White,40000 to 49999,10,5
2002,2166,13,White,90000 to 109999,20,5
2002,2167,13,White,25000 to 29999,7,5
2002,2168,14,White,17500 to 19999,60,15
2002,2170,13,White,10000 to 12499,10,10
2002,2171,12,White,50000 to 59999,40,3
2002,2173,12,White,35000 to 39999,20,10
2002,2174,14,White,25000 to 29999,15,6
2002,2175,11,White,25000 to 29999,20,20
2002,2176,16,White,75000 to 89999,24,0
2002,2177,12,White,50000 to 59999,40,7
2002,2178,15,White,35000 to 39999,3,1
2002,2179,12,White,35000 to 39999,10,0
2002,2180,7,White,10000 to 12499,4,2
2002,2181,12,White,30000 to 34999,12,12
2002,2182,8,White,12500 to 14999,2,2
2002,2183,10,White,110000 or over,10,0
2002,2184,13,White,90000 to 109999,2,0
2002,2185,13,White,1000 to 2999,10,3
2002,2186,14,Black,17500 to 19999,25,3
2002,2188,8,White,30000 to 34999,2,1
2002,2189,7,Black,6000 to 6999,100,2
2002,2190,13,White,50000 to 59999,15,2
2002,2192,12,Black,Under 1000,20,1
2002,2193,12,White,20000 to 22499,6,3
2002,2195,12,White,40000 to 49999,3,1
2002,2196,8,White,5000 to 5999,1,1
2002,2197,16,White,40000 to 49999,2,0
2002,2198,16,White,35000 to 39999,10,3
2002,2199,1,White,60000 to 74999,6,0
2002,2200,15,White,60000 to 74999,50,25
2002,2201,12,White,25000 to 29999,30,5
2002,2202,12,White,Under 1000,30,3
2002,2203,11,White,8000 to 9999,1,1
2002,2204,12,White,6000 to 6999,10,3
2002,2205,14,White,60000 to 74999,50,5
2002,2206,11,White,35000 to 39999,10,4
2002,2207,16,White,25000 to 29999,6,4
2002,2208,13,White,12500 to 14999,4,4
2002,2209,16,White,50000 to 59999,2,2
2002,2210,11,White,75000 to 89999,10,2
2002,2212,12,White,40000 to 49999,20,3
2002,2213,12,White,15000 to 17499,10,10
2002,2214,8,White,7000 to 7999,20,10
2002,2215,17,White,35000 to 39999,20,15
2002,2216,12,White,50000 to 59999,6,6
2002,2217,12,White,25000 to 29999,12,4
2002,2218,15,White,8000 to 9999,5,1
2002,2219,11,White,50000 to 59999,100,10
2002,2220,13,White,40000 to 49999,30,3
2002,2221,13,White,22500 to 24999,20,20
2002,2223,12,White,15000 to 17499,40,15
2002,2225,12,White,12500 to 14999,5,2
2002,2226,16,White,25000 to 29999,11,9
2002,2227,16,White,35000 to 39999,150,3
2002,2228,11,White,30000 to 34999,10,3
2002,2229,12,White,50000 to 59999,4,1
2002,2230,12,White,30000 to 34999,60,10
2002,2232,12,White,20000 to 22499,15,5
2002,2233,12,White,50000 to 59999,50,10
2002,2234,17,White,40000 to 49999,100,50
2002,2235,3,White,Under 1000,75,2
2002,2236,13,White,15000 to 17499,10,2
2002,2237,11,White,30000 to 34999,60,11
2002,2238,12,White,8000 to 9999,7,3
2002,2239,13,White,3000 to 3999,4,1
2002,2241,12,White,35000 to 39999,50,1
2002,2242,13,White,25000 to 29999,20,8
2002,2243,12,White,50000 to 59999,20,10
2002,2244,14,White,20000 to 22499,10,4
2002,2245,13,White,30000 to 34999,25,3
2002,2246,12,White,35000 to 39999,25,2
2002,2248,12,Black,40000 to 49999,1,1
2002,2249,10,Black,12500 to 14999,3,3
2002,2250,11,Black,17500 to 19999,6,4
2002,2251,10,Black,1000 to 2999,5,3
2002,2252,14,Black,30000 to 34999,100,30
2002,2254,13,Black,30000 to 34999,25,11
2002,2255,12,Black,12500 to 14999,3,3
2002,2256,15,Black,8000 to 9999,50,4
2002,2257,12,Black,30000 to 34999,10,3
2002,2258,12,Black,10000 to 12499,2,1
2002,2259,14,Black,22500 to 24999,6,2
2002,2260,11,Black,15000 to 17499,5,5
2002,2261,11,Black,12500 to 14999,20,20
2002,2262,14,Black,75000 to 89999,50,0
2002,2264,16,White,75000 to 89999,20,11
2002,2265,17,White,90000 to 109999,60,7
2002,2266,12,White,Under 1000,50,10
2002,2267,16,White,110000 or over,50,10
2002,2268,12,White,75000 to 89999,200,6
2002,2269,12,White,110000 or over,12,6
2002,2270,13,White,60000 to 74999,15,5
2002,2271,13,White,40000 to 49999,100,6
2002,2272,16,White,110000 or over,25,5
2002,2273,15,White,75000 to 89999,5,0
2002,2274,14,White,110000 or over,20,20
2002,2275,11,White,90000 to 109999,50,5
2002,2276,12,White,12500 to 14999,2,1
2002,2277,12,White,25000 to 29999,30,30
2002,2278,12,White,20000 to 22499,10,10
2002,2279,11,White,20000 to 22499,20,10
2002,2280,7,White,10000 to 12499,35,5
2002,2281,9,Black,17500 to 19999,3,1
2002,2282,12,White,10000 to 12499,50,50
2002,2284,12,Black,17500 to 19999,6,1
2002,2285,16,Black,60000 to 74999,7,0
2002,2287,15,White,30000 to 34999,15,3
2002,2288,16,White,35000 to 39999,4,4
2002,2289,12,White,10000 to 12499,35,3
2002,2290,13,White,25000 to 29999,35,35
2002,2291,20,White,110000 or over,10,10
2002,2293,12,White,30000 to 34999,40,20
2002,2294,16,White,35000 to 39999,35,10
2002,2295,20,White,40000 to 49999,25,10
2002,2298,15,White,35000 to 39999,30,5
2002,2300,10,White,40000 to 49999,10,10
2002,2302,12,White,7000 to 7999,13,13
2002,2303,14,White,12500 to 14999,50,50
2002,2304,17,White,35000 to 39999,20,10
2002,2308,14,White,75000 to 89999,6,6
2002,2309,16,White,40000 to 49999,20,5
2002,2310,12,White,35000 to 39999,20,5
2002,2311,13,White,30000 to 34999,10,3
2002,2312,12,White,30000 to 34999,6,2
2002,2313,14,White,20000 to 22499,8,3
2002,2315,12,White,60000 to 74999,50,15
2002,2316,12,White,40000 to 49999,100,30
2002,2317,16,White,60000 to 74999,75,10
2002,2318,14,White,35000 to 39999,100,10
2002,2319,16,White,15000 to 17499,30,4
2002,2321,14,White,35000 to 39999,35,15
2002,2322,13,White,35000 to 39999,24,11
2002,2323,12,White,5000 to 5999,50,7
2002,2324,15,White,22500 to 24999,300,10
2002,2326,14,White,50000 to 59999,15,4
2002,2327,14,White,30000 to 34999,7,2
2002,2329,14,White,40000 to 49999,25,5
2002,2330,12,White,12500 to 14999,5,2
2002,2331,18,White,20000 to 22499,20,20
2002,2332,20,White,40000 to 49999,20,7
2002,2333,12,White,22500 to 24999,75,11
2002,2334,16,White,75000 to 89999,20,5
2002,2335,12,White,75000 to 89999,20,3
2002,2336,15,White,35000 to 39999,6,2
2002,2337,16,White,60000 to 74999,100,25
2002,2338,18,White,25000 to 29999,40,5
2002,2339,16,White,110000 or over,2,2
2002,2340,12,White,7000 to 7999,20,15
2002,2341,12,White,30000 to 34999,30,6
2002,2342,14,White,50000 to 59999,20,5
2002,2344,9,White,50000 to 59999,10,3
2002,2345,12,White,15000 to 17499,11,4
2002,2346,13,White,40000 to 49999,20,3
2002,2347,12,White,60000 to 74999,10,3
2002,2348,10,White,30000 to 34999,200,25
2002,2349,12,Black,17500 to 19999,25,15
2002,2352,14,White,60000 to 74999,12,2
2002,2353,15,Black,110000 or over,8,5
2002,2354,13,White,75000 to 89999,20,10
2002,2355,18,White,40000 to 49999,20,10
2002,2356,12,White,75000 to 89999,20,4
2002,2357,15,White,20000 to 22499,125,50
2002,2358,13,White,22500 to 24999,5,2
2002,2359,0,White,17500 to 19999,50,6
2002,2360,14,White,40000 to 49999,5,2
2002,2361,17,White,17500 to 19999,11,11
2002,2362,12,White,15000 to 17499,20,10
2002,2363,20,White,17500 to 19999,95,10
2002,2364,15,White,30000 to 34999,50,10
2002,2365,8,White,50000 to 59999,100,5
2002,2366,15,White,90000 to 109999,12,7
2002,2367,12,White,12500 to 14999,35,15
2002,2368,11,White,75000 to 89999,20,8
2002,2369,14,White,22500 to 24999,4,4
2002,2370,11,White,10000 to 12499,500,15
2002,2371,11,White,12500 to 14999,55,2
2002,2372,16,White,35000 to 39999,5,2
2002,2374,12,White,35000 to 39999,6,4
2002,2375,10,White,Under 1000,10,0
2002,2376,16,White,60000 to 74999,30,8
2002,2377,12,White,75000 to 89999,12,3
2002,2378,13,White,30000 to 34999,15,6
2002,2379,11,White,22500 to 24999,50,5
2002,2380,8,White,22500 to 24999,20,10
2002,2381,12,White,110000 or over,20,5
2002,2382,12,White,60000 to 74999,24,5
2002,2384,9,White,17500 to 19999,100,3
2002,2385,12,White,8000 to 9999,15,5
2002,2386,12,White,17500 to 19999,5,2
2002,2387,9,White,75000 to 89999,10,1
2002,2388,12,White,40000 to 49999,20,4
2002,2389,12,White,15000 to 17499,12,4
2002,2390,13,White,30000 to 34999,200,0
2002,2391,20,White,35000 to 39999,30,4
2002,2393,12,Black,12500 to 14999,6,2
2002,2394,14,Black,15000 to 17499,25,5
2002,2395,13,Black,35000 to 39999,15,3
2002,2396,16,White,20000 to 22499,50,50
2002,2397,14,White,50000 to 59999,100,5
2002,2398,12,White,25000 to 29999,15,7
2002,2399,10,White,25000 to 29999,4,4
2002,2400,17,White,25000 to 29999,100,5
2002,2402,10,Black,12500 to 14999,6,3
2002,2404,12,White,22500 to 24999,85,10
2002,2405,16,White,75000 to 89999,75,20
2002,2406,18,White,50000 to 59999,25,12
2002,2407,12,White,30000 to 34999,3,3
2002,2408,12,White,75000 to 89999,10,3
2002,2409,12,White,30000 to 34999,10,3
2002,2410,14,White,20000 to 22499,10,4
2002,2411,12,White,22500 to 24999,20,6
2002,2412,18,White,30000 to 34999,20,18
2002,2413,13,White,50000 to 59999,25,6
2002,2414,15,White,60000 to 74999,100,20
2002,2417,13,White,5000 to 5999,6,2
2002,2419,13,Black,7000 to 7999,5,5
2002,2420,9,White,4000 to 4999,8,3
2002,2423,12,White,40000 to 49999,50,10
2002,2424,8,White,10000 to 12499,20,0
2002,2425,12,White,15000 to 17499,8,8
2002,2426,11,White,25000 to 29999,20,3
2002,2427,12,White,30000 to 34999,10,5
2002,2429,0,White,7000 to 7999,3,3
2002,2430,12,White,15000 to 17499,25,0
2002,2432,12,White,7000 to 7999,50,5
2002,2433,12,White,50000 to 59999,12,1
2002,2434,17,White,90000 to 109999,50,2
2002,2436,13,White,20000 to 22499,4,1
2002,2437,12,White,60000 to 74999,15,15
2002,2439,16,White,60000 to 74999,150,70
2002,2440,16,White,110000 or over,15,15
2002,2441,16,White,75000 to 89999,5,1
2002,2442,15,White,60000 to 74999,10,5
2002,2443,15,Black,60000 to 74999,20,4
2002,2444,13,White,75000 to 89999,20,5
2002,2445,17,White,90000 to 109999,30,10
2002,2446,12,White,75000 to 89999,15,7
2002,2447,14,White,110000 or over,10,10
2002,2448,12,White,30000 to 34999,15,5
2002,2449,16,White,90000 to 109999,20,6
2002,2450,14,White,110000 or over,30,3
2002,2451,12,White,60000 to 74999,20,10
2002,2452,14,White,75000 to 89999,50,10
2002,2453,12,White,90000 to 109999,30,3
2002,2454,15,White,60000 to 74999,30,15
2002,2455,16,White,110000 or over,100,5
2002,2456,16,White,110000 or over,25,5
2002,2458,10,White,90000 to 109999,20,5
2002,2459,12,White,110000 or over,19,5
2002,2460,16,White,75000 to 89999,20,4
2002,2461,10,Black,35000 to 39999,5,2
2002,2462,10,White,50000 to 59999,6,6
2002,2463,12,White,10000 to 12499,20,20
2002,2464,12,White,35000 to 39999,50,5
2002,2465,11,White,75000 to 89999,25,4
2002,2466,15,White,25000 to 29999,75,3
2002,2467,10,White,35000 to 39999,10,7
2002,2469,12,White,22500 to 24999,2,2
2002,2471,16,White,110000 or over,20,5
2002,2472,12,White,10000 to 12499,13,3
2002,2473,15,White,90000 to 109999,8,2
2002,2474,8,White,10000 to 12499,1,0
2002,2475,9,White,8000 to 9999,15,4
2002,2476,11,Black,3000 to 3999,2,2
2002,2477,12,White,20000 to 22499,20,10
2002,2478,12,White,10000 to 12499,20,20
2002,2479,12,White,40000 to 49999,5,1
2002,2480,12,Black,30000 to 34999,50,3
2002,2481,12,White,10000 to 12499,10,3
2002,2483,15,White,60000 to 74999,50,20
2002,2484,17,White,60000 to 74999,50,20
2002,2485,18,White,110000 or over,30,15
2002,2486,10,White,90000 to 109999,2,2
2002,2487,16,White,60000 to 74999,30,30
2002,2488,12,White,15000 to 17499,50,12
2002,2490,10,White,15000 to 17499,4,4
2002,2491,10,Black,60000 to 74999,17,5
2002,2492,13,White,50000 to 59999,3,3
2002,2493,12,White,50000 to 59999,4,2
2002,2495,12,White,7000 to 7999,1,1
2002,2496,12,White,Under 1000,2,0
2002,2498,13,White,30000 to 34999,8,4
2002,2500,11,White,60000 to 74999,10,5
2002,2501,12,White,25000 to 29999,30,10
2002,2503,12,White,40000 to 49999,10,3
2002,2505,13,Black,50000 to 59999,4,2
2002,2508,12,White,50000 to 59999,50,5
2002,2510,13,White,40000 to 49999,75,60
2002,2511,17,White,60000 to 74999,16,10
2002,2512,12,White,40000 to 49999,50,6
2002,2513,12,White,40000 to 49999,70,4
2002,2514,10,White,25000 to 29999,35,10
2002,2517,13,White,20000 to 22499,10,2
2002,2519,8,White,15000 to 17499,50,8
2002,2520,12,White,40000 to 49999,50,15
2002,2521,10,White,17500 to 19999,10,1
2002,2522,12,White,17500 to 19999,12,12
2002,2523,11,White,15000 to 17499,35,25
2002,2526,14,White,50000 to 59999,20,20
2002,2527,14,White,30000 to 34999,15,10
2002,2528,13,White,75000 to 89999,10,3
2002,2532,16,White,75000 to 89999,3,1
2002,2533,14,Black,10000 to 12499,15,15
2002,2534,12,White,75000 to 89999,86,9
2002,2535,18,White,110000 or over,300,50
2002,2536,14,Black,17500 to 19999,5,5
2002,2537,16,White,110000 or over,100,16
2002,2538,12,White,110000 or over,5,1
2002,2539,12,White,75000 to 89999,15,0
2002,2540,12,White,40000 to 49999,1,1
2002,2541,19,White,15000 to 17499,50,10
2002,2542,12,Black,25000 to 29999,60,4
2002,2543,16,White,110000 or over,25,5
2002,2544,16,White,40000 to 49999,200,3
2002,2545,18,White,50000 to 59999,50,25
2002,2546,16,White,110000 or over,15,10
2002,2548,15,White,110000 or over,100,10
2002,2549,12,Black,8000 to 9999,5,3
2002,2550,16,White,75000 to 89999,15,5
2002,2552,12,Black,25000 to 29999,2,1
2002,2553,11,Black,30000 to 34999,30,10
2002,2557,12,White,17500 to 19999,7,1
2002,2558,13,Black,50000 to 59999,5,2
2002,2559,12,White,50000 to 59999,3,2
2002,2560,14,Black,25000 to 29999,6,3
2002,2564,10,White,10000 to 12499,2,0
2002,2565,15,White,60000 to 74999,50,10
2002,2566,18,White,50000 to 59999,24,4
2002,2567,12,White,25000 to 29999,4,3
2002,2568,14,White,90000 to 109999,20,6
2002,2569,16,White,60000 to 74999,15,5
2002,2570,12,White,110000 or over,20,15
2002,2571,14,White,75000 to 89999,4,2
2002,2573,16,White,30000 to 34999,4,2
2002,2574,13,White,50000 to 59999,24,11
2002,2575,12,White,30000 to 34999,25,10
2002,2577,11,White,60000 to 74999,30,2
2002,2578,14,White,35000 to 39999,3,1
2002,2579,12,White,12500 to 14999,50,5
2002,2581,19,White,110000 or over,6,6
2002,2582,14,White,110000 or over,20,10
2002,2583,16,White,10000 to 12499,11,6
2002,2584,12,White,17500 to 19999,50,50
2002,2585,14,White,25000 to 29999,32,5
2002,2586,12,White,1000 to 2999,10,5
2002,2587,12,White,8000 to 9999,20,8
2002,2589,13,White,10000 to 12499,50,30
2002,2590,12,Black,15000 to 17499,20,0
2002,2591,15,White,10000 to 12499,3,3
2002,2592,16,White,25000 to 29999,12,5
2002,2593,11,White,40000 to 49999,5,2
2002,2594,13,White,35000 to 39999,36,9
2002,2595,13,White,40000 to 49999,10,4
2002,2596,14,White,60000 to 74999,25,16
2002,2599,14,White,35000 to 39999,6,2
2002,2600,12,White,3000 to 3999,4,4
2002,2601,14,White,75000 to 89999,15,5
2002,2602,14,White,110000 or over,40,10
2002,2603,12,White,1000 to 2999,2,1
2002,2604,12,White,20000 to 22499,10,10
2002,2605,12,White,60000 to 74999,15,15
2002,2606,16,White,30000 to 34999,200,20
2002,2607,12,White,35000 to 39999,5,4
2002,2609,17,White,110000 or over,10,5
2002,2610,12,White,25000 to 29999,4,1
2002,2611,12,White,50000 to 59999,30,15
2002,2612,16,White,90000 to 109999,6,2
2002,2613,12,White,60000 to 74999,20,5
2002,2614,11,White,8000 to 9999,1,1
2002,2615,16,White,50000 to 59999,30,5
2002,2616,16,White,50000 to 59999,18,18
2002,2617,12,White,5000 to 5999,2,2
2002,2619,18,White,90000 to 109999,6,4
2002,2620,16,White,60000 to 74999,15,10
2002,2622,18,White,60000 to 74999,12,6
2002,2623,16,White,75000 to 89999,100,5
2002,2624,14,White,30000 to 34999,20,5
2002,2625,16,White,22500 to 24999,40,5
2002,2626,12,White,40000 to 49999,6,1
2002,2627,12,White,22500 to 24999,20,20
2002,2628,12,White,60000 to 74999,10,1
2002,2629,20,White,75000 to 89999,10,5
2002,2631,20,White,110000 or over,12,8
2002,2632,16,White,40000 to 49999,50,8
2002,2633,12,White,7000 to 7999,4,2
2002,2634,14,White,50000 to 59999,200,1
2002,2635,12,White,22500 to 24999,50,15
2002,2636,10,White,22500 to 24999,15,10
2002,2637,12,White,20000 to 22499,20,8
2002,2639,16,White,40000 to 49999,100,3
2002,2640,10,White,10000 to 12499,30,10
2002,2642,17,White,40000 to 49999,25,5
2002,2644,17,White,110000 or over,75,3
2002,2645,14,White,12500 to 14999,20,10
2002,2646,11,White,75000 to 89999,100,15
2002,2647,17,White,40000 to 49999,60,8
2002,2648,12,White,17500 to 19999,4,4
2002,2649,16,White,40000 to 49999,100,25
2002,2653,12,White,40000 to 49999,10,10
2002,2654,12,White,90000 to 109999,10,2
2002,2655,14,Black,17500 to 19999,4,1
2002,2656,20,White,40000 to 49999,10,5
2002,2658,14,White,35000 to 39999,15,3
2002,2659,5,White,3000 to 3999,120,10
2002,2660,12,White,25000 to 29999,45,12
2002,2661,14,White,60000 to 74999,5,2
2002,2662,18,White,110000 or over,15,7
2002,2663,14,White,35000 to 39999,6,3
2002,2664,12,White,15000 to 17499,10,2
2002,2665,12,Black,20000 to 22499,10,4
2002,2666,13,White,22500 to 24999,20,20
2002,2668,12,White,1000 to 2999,10,5
2002,2669,12,White,17500 to 19999,10,2
2002,2671,15,White,60000 to 74999,9,3
2002,2672,15,White,110000 or over,50,2
2002,2674,16,White,20000 to 22499,10,5
2002,2675,12,White,25000 to 29999,15,10
2002,2677,14,Black,40000 to 49999,50,2
2002,2678,16,White,30000 to 34999,20,10
2002,2679,12,White,22500 to 24999,3,3
2002,2680,14,White,50000 to 59999,25,10
2002,2681,16,White,75000 to 89999,5,2
2002,2682,16,White,40000 to 49999,50,25
2002,2684,12,White,35000 to 39999,6,3
2002,2685,13,White,35000 to 39999,300,15
2002,2687,12,White,60000 to 74999,8,8
2002,2688,16,White,110000 or over,50,5
2002,2689,13,Black,6000 to 6999,15,5
2002,2690,14,White,3000 to 3999,60,50
2002,2691,19,White,22500 to 24999,50,10
2002,2692,16,Black,20000 to 22499,50,6
2002,2693,14,White,8000 to 9999,20,10
2002,2694,12,White,1000 to 2999,20,15
2002,2695,16,White,12500 to 14999,40,6
2002,2696,12,White,60000 to 74999,130,6
2002,2697,15,White,3000 to 3999,30,3
2002,2699,12,Black,40000 to 49999,10,10
2002,2700,12,Black,75000 to 89999,10,3
2002,2701,16,White,110000 or over,115,10
2002,2702,12,White,Under 1000,6,0
2002,2703,16,Black,8000 to 9999,55,4
2002,2704,14,White,15000 to 17499,1,0
2002,2705,12,White,10000 to 12499,4,1
2002,2706,4,White,10000 to 12499,5,0
2002,2708,9,White,10000 to 12499,7,3
2002,2709,16,White,75000 to 89999,5,5
2002,2710,16,White,40000 to 49999,60,5
2002,2712,12,White,12500 to 14999,20,5
2002,2713,16,White,8000 to 9999,5,5
2002,2714,16,White,12500 to 14999,4,2
2002,2715,15,White,12500 to 14999,10,3
2002,2716,12,White,40000 to 49999,100,25
2002,2718,9,White,3000 to 3999,25,5
2002,2719,12,Black,3000 to 3999,30,5
2002,2720,13,Black,6000 to 6999,5,1
2002,2721,11,White,4000 to 4999,3,2
2002,2722,14,Black,8000 to 9999,30,4
2002,2723,14,Black,17500 to 19999,1,0
2002,2724,13,Black,35000 to 39999,5,1
2002,2725,12,White,110000 or over,30,5
2002,2726,14,White,40000 to 49999,2,2
2002,2727,10,White,15000 to 17499,100,10
2002,2728,16,White,25000 to 29999,5,3
2002,2729,13,White,35000 to 39999,20,3
2002,2731,5,White,3000 to 3999,2,0
2002,2732,16,White,35000 to 39999,5,2
2002,2733,12,White,8000 to 9999,10,5
2002,2734,12,White,7000 to 7999,40,20
2002,2735,12,White,40000 to 49999,80,25
2002,2736,16,White,75000 to 89999,25,2
2002,2737,16,White,110000 or over,300,75
2002,2738,14,Black,90000 to 109999,10,5
2002,2739,12,White,25000 to 29999,30,6
2002,2740,11,White,10000 to 12499,50,25
2002,2741,16,White,110000 or over,4,1
2002,2742,12,White,40000 to 49999,20,2
2002,2743,12,White,25000 to 29999,50,4
2002,2744,12,Black,22500 to 24999,16,2
2002,2745,10,White,10000 to 12499,5,3
2002,2746,14,White,12500 to 14999,30,20
2002,2747,13,White,20000 to 22499,50,10
2002,2748,14,White,50000 to 59999,25,4
2002,2749,12,White,20000 to 22499,50,20
2002,2750,14,White,40000 to 49999,50,5
2002,2751,10,White,10000 to 12499,15,3
2002,2752,9,White,25000 to 29999,50,25
2002,2754,15,Black,50000 to 59999,50,10
2002,2755,12,White,6000 to 6999,10,2
2002,2756,12,White,110000 or over,10,10
2002,2757,12,Black,50000 to 59999,5,3
2002,2758,13,White,6000 to 6999,20,5
2002,2759,14,White,12500 to 14999,40,30
2002,2760,13,White,20000 to 22499,50,10
2002,2761,9,White,22500 to 24999,8,6
2002,2762,16,White,Under 1000,30,5
2002,2763,12,White,75000 to 89999,3,1
2002,2764,12,Black,25000 to 29999,2,2
2002,2765,13,White,75000 to 89999,5,5
